1651640400000,2000.00000000,2000.00000000,2000.00000000,2000.00000000,0.01000000,1651643999999,20.00000000,1,0.00000000,0.00000000,0
1651644000000,1820.00000000,5824.00000000,1456.00000000,2817.08000000,164.33543000,1651647599999,462099.19585000,1101,98.80764000,277974.78954560,0
1651647600000,2816.66000000,2832.83000000,1344.80000000,2829.44000000,455.28219000,1651651199999,1283221.00141320,2990,310.76030000,876026.45638540,0
1651651200000,2829.43000000,2846.00000000,2318.80000000,2844.06000000,507.86402000,1651654799999,1441216.50878380,3337,353.90149000,1004299.61711950,0
1651654800000,2843.47000000,2846.00000000,2326.30000000,2832.64000000,344.47952000,1651658399999,976994.27643090,2301,235.43885000,667713.53235550,0
1651658400000,2832.73000000,2869.84000000,2331.70000000,2864.39000000,531.63091000,1651661999999,1510482.85414800,3376,411.21275000,1167093.02650000,0
1651662000000,2864.54000000,2885.66000000,2000.00000000,2870.57000000,450.29228000,1651665599999,1292139.54747660,3067,314.86692000,903696.42553700,0
1651665600000,2870.54000000,2882.04000000,2000.00000000,2859.64000000,485.37082000,1651669199999,1388946.13278510,3282,336.26897000,962408.54283340,0
1651669200000,2859.28000000,2868.37000000,2000.00000000,2836.52000000,553.62052000,1651672799999,1581981.91377840,3779,390.08823000,1114680.68529920,0
1651672800000,2836.45000000,2846.73000000,2000.00000000,2838.05000000,564.90816000,1651676399999,1604709.27723960,3864,402.93334000,1144699.56840030,0
1651676400000,2838.03000000,2850.92000000,2267.60000000,2844.01000000,601.76359000,1651679999999,1707472.54658560,3975,389.93474000,1106716.36895160,0
1651680000000,2844.00000000,2971.26000000,2835.64000000,2857.37000000,565.44070000,1651683599999,1613073.06422080,3859,424.47476000,1211099.02934670,0
1651683600000,2857.64000000,2899.00000000,2333.50000000,2852.04000000,634.37218000,1651687199999,1805478.51997910,4330,461.19189000,1312491.86604480,0
1651687200000,2851.82000000,2946.75000000,2826.68000000,2931.85000000,946.42546000,1651690799999,2709298.19577840,6540,765.98291000,2192774.57945810,0
1651690800000,2931.91000000,2965.56000000,2330.40000000,2954.44000000,843.27870000,1651694399999,2488980.83906290,6004,643.31989000,1898689.09829200,0
1651694400000,2954.60000000,2957.37000000,2944.19000000,2945.61000000,338.82366000,1651697999999,999586.91986400,2396,238.52077000,703703.14334660,0
1651698000000,2945.68000000,2952.32000000,2933.81000000,2935.39000000,212.91127000,1651701599999,626680.44708140,1472,145.44763000,428115.76351580,0
1651701600000,2935.35000000,2938.22000000,2924.02000000,2925.37000000,304.77567000,1651705199999,893186.11255380,2160,215.07140000,630347.37741680,0
1651705200000,2925.37000000,2944.48000000,2415.30000000,2940.67000000,351.24045000,1651708799999,1030837.42877220,2295,272.42099000,799548.15336180,0
1651708800000,2940.64000000,2953.07000000,2937.58000000,2942.97000000,338.46841000,1651712399999,996988.75929820,2340,253.26772000,745967.13410490,0
1651712400000,2943.00000000,2949.45000000,2940.02000000,2940.84000000,180.31229000,1651715999999,530915.38891100,1274,132.03879000,388792.30647480,0
1651716000000,2939.90000000,2952.42000000,2939.55000000,2947.76000000,278.93272000,1651719599999,822008.91776740,1678,232.97832000,686564.75968950,0
1651719600000,2947.49000000,2947.49000000,2937.89000000,2941.60000000,157.29778000,1651723199999,462796.45476690,1102,116.06547000,341495.82567550,0
1651723200000,2941.60000000,2947.31000000,2938.30000000,2945.50000000,131.68726000,1651726799999,387492.72892360,900,92.47623000,272117.01038220,0
1651726800000,2945.44000000,2951.48000000,2927.57000000,2931.57000000,247.96655000,1651730399999,728573.18357850,1751,164.90090000,484474.82580530,0
1651730400000,2931.61000000,2939.94000000,2927.64000000,2928.93000000,234.83934000,1651733999999,688837.88445550,1644,162.45768000,476535.48718430,0
1651734000000,2928.30000000,2938.16000000,2925.01000000,2934.22000000,288.67948000,1651737599999,846421.72322050,1889,197.30731000,578490.37956390,0
1651737600000,2934.06000000,2935.63000000,2919.16000000,2925.20000000,356.45704000,1651741199999,1043825.05219020,2380,238.27355000,697732.00985730,0
1651741200000,2924.94000000,2932.38000000,2916.49000000,2923.69000000,292.28092000,1651744799999,854410.61516360,1939,205.25303000,599998.47222700,0
1651744800000,2923.81000000,2938.42000000,2923.36000000,2928.97000000,317.64478000,1651748399999,930535.48182830,2098,211.98639000,620991.42600420,0
1651748400000,2928.82000000,2933.26000000,2921.61000000,2925.66000000,274.44429000,1651751999999,803646.92348800,1786,188.34276000,551522.19720900,0
1651752000000,2925.42000000,2934.86000000,2922.41000000,2929.42000000,329.84940000,1651755599999,966397.76966930,2171,212.15531000,621640.32042120,0
1651755600000,2929.46000000,2929.66000000,2892.72000000,2894.55000000,564.98719000,1651759199999,1647725.84964660,3862,392.62864000,1144901.72372520,0
1651759200000,2894.22000000,2903.43000000,2000.00000000,2829.00000000,894.92888000,1651762799999,2561378.60834660,5847,686.03464000,1963863.62136810,0
1651762800000,2828.70000000,2830.92000000,1200.00000000,2743.14000000,1040.59042000,1651766399999,2881327.48925360,6858,785.22105000,2174356.27614120,0
1651766400000,2743.49000000,2766.93000000,2728.73000000,2760.20000000,1018.81974000,1651769999999,2799879.62267450,6407,805.14445000,2212372.46695490,0
1651770000000,2760.28000000,2770.95000000,2000.00000000,2744.00000000,819.08513000,1651773599999,2256063.34995960,5330,579.01039000,1594845.32663630,0
1651773600000,2743.03000000,2752.65000000,1980.00000000,2729.90000000,950.12241000,1651777199999,2591296.11237100,6110,727.60480000,1986598.65825500,0
1651777200000,2729.00000000,2935.26000000,2689.20000000,2730.31000000,1049.87812000,1651780799999,2849435.31313860,6740,811.39581000,2202206.48677530,0
1651780800000,2729.44000000,2756.30000000,880.00000000,2756.30000000,740.47469000,1651784399999,1935025.30411260,4357,492.73486000,1348110.11121470,0
1651784400000,2756.28000000,2756.47000000,2250.80000000,2738.21000000,373.99686000,1651787999999,1027612.58956890,2329,225.51231000,619626.22349800,0
1651788000000,2738.22000000,2747.83000000,2253.20000000,2736.91000000,477.15949000,1651791599999,1307616.33583740,2984,314.38276000,861542.03291770,0
1651791600000,2736.50000000,2752.61000000,2248.70000000,2747.93000000,477.73053000,1651795199999,1311726.68466410,3054,334.92184000,919580.30150070,0
1651795200000,2747.93000000,2750.81000000,2724.39000000,2737.45000000,492.98759000,1651798799999,1349832.80922570,3086,332.97584000,911634.50542460,0
1651798800000,2737.54000000,2740.45000000,2725.28000000,2739.13000000,395.21692000,1651802399999,1080544.10242720,2496,275.70376000,753805.34428660,0
1651802400000,2739.15000000,2757.97000000,2600.00000000,2746.57000000,417.50402000,1651805999999,1147527.21699580,3277,274.84980000,755402.88263890,0
1651806000000,2746.61000000,2751.78000000,1200.00000000,2746.30000000,330.07154000,1651809599999,904159.60248680,2176,204.16167000,560285.45559380,0
1651809600000,2746.39000000,2746.56000000,2734.08000000,2745.69000000,376.61031000,1651813199999,1031904.86497580,2453,260.40206000,713519.83149970,0
1651813200000,2745.69000000,2752.11000000,2743.52000000,2751.33000000,335.22585000,1651816799999,921387.51850310,2032,232.75950000,639771.32630810,0
1651816800000,2751.63000000,2755.89000000,2742.71000000,2743.08000000,284.17729000,1651820399999,781112.72653960,1834,189.82215000,521770.15499290,0
1651820400000,2743.17000000,2746.49000000,1980.00000000,2730.60000000,643.83367000,1651823999999,1747397.33750120,4616,440.71875000,1200804.56135100,0
1651824000000,2730.33000000,2744.40000000,2242.80000000,2720.13000000,650.66839000,1651827599999,1773961.81108350,4933,479.17537000,1306413.29543760,0
1651827600000,2719.61000000,2738.22000000,2238.80000000,2732.87000000,527.18750000,1651831199999,1438044.67692980,3619,364.66873000,994696.23314250,0
1651831200000,2732.80000000,2735.30000000,2676.42000000,2688.52000000,541.06542000,1651834799999,1467720.36706310,3878,356.00066000,965427.60234850,0
1651834800000,2688.16000000,2706.29000000,2194.30000000,2676.07000000,904.88608000,1651838399999,2422701.65753130,6551,662.16126000,1772871.68356420,0
1651838400000,2676.07000000,2723.61000000,2628.21000000,2683.24000000,937.26924000,1651841999999,2522035.43115650,5824,641.01602000,1725719.23902510,0
1651842000000,2683.13000000,2700.37000000,2000.00000000,2666.63000000,992.98876000,1651845599999,2649473.72768650,6250,747.28803000,1993862.16305800,0
1651845600000,2664.66000000,2756.40000000,2179.20000000,2697.13000000,1111.71246000,1651849199999,2977672.85935270,6945,878.61384000,2353296.05270360,0
1651849200000,2696.93000000,2756.40000000,2054.81000000,2687.94000000,986.74594000,1651852799999,2667699.51706800,6170,742.04858000,2006271.86175030,0
1651852800000,2687.94000000,2743.63000000,2660.00000000,2710.48000000,918.65947000,1651856399999,2481341.72921080,5869,670.35684000,1810706.90975470,0
1651856400000,2710.68000000,2712.37000000,1200.00000000,2685.15000000,775.67485000,1651859999999,2090187.31431260,4900,530.10716000,1428518.39567580,0
1651860000000,2685.17000000,2687.68000000,803.00000000,2678.74000000,91.16739000,1651863599999,242029.85861740,559,59.53199000,159658.73569660,0
1651863600000,2678.74000000,2756.40000000,2177.40000000,2655.33000000,9.92435000,1651867199999,26776.71784750,51,9.65293000,26103.21875550,0
1651867200000,2416.40000000,2655.33000000,1092.00000000,2655.33000000,9.91207000,1651870799999,26067.48388010,56,9.68449000,25715.51683170,0
1651870800000,2655.33000000,2655.33000000,1200.00000000,1200.00000000,1.21520000,1651874399999,3173.70878940,17,1.15882000,3077.04951060,0
1651874400000,2655.33000000,2655.33000000,2655.33000000,2655.33000000,0.94000000,1651877999999,2496.01020000,2,0.94000000,2496.01020000,0
1651878000000,2655.33000000,2655.33000000,2000.00000000,2655.33000000,0.82439000,1651881599999,2182.47419870,6,0.81439000,2162.47419870,0
1651881600000,2655.33000000,2655.33000000,2124.26000000,2655.33000000,0.08949000,1651885199999,220.96050510,9,0.05811000,154.30122630,0
1651885200000,2655.33000000,2655.33000000,2655.33000000,2655.33000000,2.79000000,1651888799999,7408.37070000,3,2.79000000,7408.37070000,0
1651888800000,2655.33000000,2655.33000000,2655.33000000,2655.33000000,0.01000000,1651892399999,26.55330000,1,0.01000000,26.55330000,0
1651892400000,2124.26000000,2655.33000000,2124.26000000,2655.33000000,0.06276000,1651895999999,149.98353420,6,0.03138000,83.32425540,0
1651896000000,2655.33000000,2655.33000000,2655.33000000,2655.33000000,0.79500000,1651899599999,2110.98735000,2,0.79500000,2110.98735000,0
1651899600000,2655.33000000,2655.33000000,2655.33000000,2655.33000000,0.00000000,1651903199999,0.00000000,0,0.00000000,0.00000000,0
1651903200000,2124.26000000,2655.33000000,2124.26000000,2655.33000000,0.16676000,1651906799999,426.13785420,8,0.13538000,359.47857540,0
1651906800000,2655.33000000,2674.52000000,2648.93000000,2672.71000000,301.25888000,1651910399999,802812.99599350,1685,233.54987000,622223.47344550,0
1651910400000,2672.71000000,2691.98000000,2619.99000000,2685.44000000,410.07377000,1651913999999,1098336.71262150,2425,284.50527000,762023.56708620,0
1651914000000,2685.27000000,2694.86000000,2661.70000000,2684.16000000,326.60216000,1651917599999,877472.97411610,1960,189.82975000,510026.28296820,0
1651917600000,2683.84000000,2695.60000000,2678.53000000,2691.76000000,277.05377000,1651921199999,744608.23251960,1772,199.06649000,535004.96411370,0
1651921200000,2691.65000000,2697.62000000,2685.42000000,2688.83000000,271.92692000,1651924799999,731872.54440670,1757,182.69913000,491732.30060850,0
1651924800000,2688.90000000,2690.68000000,1958.88000000,2688.34000000,273.20400000,1651928399999,732139.92658280,1636,177.42528000,476597.03486180,0
1651928400000,2688.35000000,2689.34000000,1980.00000000,2674.78000000,418.90809000,1651931999999,1121519.56475330,2621,269.71631000,722489.83556430,0
1651932000000,2674.70000000,2690.66000000,2672.65000000,2688.63000000,254.57321000,1651935599999,682021.73937250,1645,187.64100000,502759.63216540,0
1651935600000,2688.65000000,2703.05000000,2615.04000000,2692.83000000,316.83707000,1651939199999,852888.61762210,2027,212.00770000,570701.98581850,0
1651939200000,2692.68000000,2695.77000000,1200.00000000,2690.66000000,309.35055000,1651942799999,832071.06993620,1711,142.83066000,384255.37389750,0
1651942800000,2690.60000000,2691.46000000,805.00000000,2682.19000000,221.87022000,1651946399999,591541.97018670,1343,124.54876000,334532.26637570,0
1651946400000,2681.63000000,2700.40000000,2681.42000000,2687.61000000,219.09808000,1651949999999,589672.16729370,1409,158.18556000,425685.14525920,0
1651950000000,2687.25000000,2756.40000000,806.00000000,2683.11000000,251.97151000,1651953599999,675566.44613730,1161,135.51165000,366064.84882980,0
1651953600000,2682.63000000,2756.40000000,804.00000000,2674.08000000,479.29581000,1651957199999,1284581.79309570,2074,269.60587000,726945.00835480,0
1651957200000,2673.78000000,2756.40000000,2617.38000000,2620.20000000,587.11629000,1651960799999,1558381.74746160,3621,381.42728000,1012283.16106250,0
1651960800000,2619.29000000,2635.51000000,2588.01000000,2602.79000000,872.91355000,1651964399999,2287628.20689630,5400,610.21451000,1598971.25063880,0
1651964400000,2602.66000000,2756.40000000,2600.11000000,2637.33000000,649.12073000,1651967999999,1707360.18639970,3999,493.20905000,1297066.85488500,0
1651968000000,2639.22000000,2756.40000000,2615.75000000,2618.20000000,283.45035000,1651971599999,744782.23447020,1748,183.03946000,480885.82023930,0
1651971600000,2618.30000000,2625.99000000,2596.57000000,2596.63000000,588.75547000,1651975199999,1538586.87345860,3725,424.52805000,1109435.26279840,0
1651975200000,2593.56000000,2601.70000000,2527.96000000,2549.32000000,904.61698000,1651978799999,2318475.89758780,5587,698.43675000,1789774.86621440,0
1651978800000,2549.34000000,2553.09000000,2518.09000000,2545.04000000,802.65334000,1651982399999,2036812.17626530,4929,609.50162000,1546651.10144060,0
1651982400000,2544.99000000,2558.33000000,2535.90000000,2536.62000000,502.86326000,1651985999999,1282425.72623960,3074,337.63074000,861101.15557500,0
1651986000000,2536.25000000,2547.10000000,2530.02000000,2537.03000000,437.67957000,1651989599999,1110975.18185140,2685,317.00694000,804687.33874040,0
1651989600000,2537.02000000,2567.83000000,2537.02000000,2561.83000000,506.64350000,1651993199999,1292763.39573500,3122,377.25088000,962491.77113880,0
1651993200000,2561.27000000,2569.07000000,2554.05000000,2556.85000000,426.76551000,1651996799999,1092843.91004420,2791,298.97539000,765592.43660640,0
1651996800000,2556.43000000,2567.22000000,2550.21000000,2562.77000000,419.63112000,1652000399999,1074276.04260440,2639,292.99384000,750077.64239180,0
1652000400000,2562.96000000,2566.66000000,2548.51000000,2550.77000000,360.61271000,1652003999999,921795.53102670,2278,232.60265000,594536.39083670,0
1652004000000,2550.93000000,2574.51000000,2546.09000000,2567.45000000,483.21320000,1652007599999,1237095.39786360,2992,371.39033000,950702.99946400,0
1652007600000,2567.26000000,2585.80000000,2563.47000000,2569.25000000,386.04299000,1652011199999,992027.45824810,2396,272.68558000,700730.13255340,0
1652011200000,2569.11000000,4100.00000000,1979.35000000,2556.49000000,529.76008000,1652014799999,1374989.23858650,3033,354.05620000,924421.64994580,0
1652014800000,2556.32000000,2560.73000000,1858.53000000,2523.66000000,653.10061000,1652018399999,1662309.41250320,3749,390.96188000,995617.56799670,0
1652018400000,2523.66000000,4100.00000000,1858.53000000,2525.49000000,918.70941000,1652021999999,2321575.31945700,5336,652.65806000,1653019.44186920,0
1652022000000,2525.50000000,2544.91000000,1851.20000000,2516.42000000,622.86478000,1652025599999,1578020.43410510,3832,421.01177000,1066652.32042620,0
1652025600000,2517.00000000,2549.01000000,2516.63000000,2521.34000000,557.40089000,1652029199999,1408547.36662840,3408,390.16881000,985913.79247200,0
1652029200000,2521.34000000,2530.01000000,1758.17000000,2529.28000000,914.09605000,1652032799999,2294496.69054810,5562,676.23983000,1700324.06130240,0
1652032800000,2529.49000000,3310.00000000,762.00000000,2562.03000000,776.93083000,1652036399999,1974958.39237060,4710,550.58739000,1401207.39062430,0
1652036400000,2562.08000000,2689.34000000,769.00000000,2562.22000000,604.88346000,1652039999999,1548292.99535770,3285,450.52394000,1154992.17369960,0
1652040000000,2562.22000000,2668.46000000,769.00000000,2540.52000000,491.91334000,1652043599999,1253912.60593480,2996,335.89461000,857003.88772600,0
1652043600000,2540.65000000,2557.12000000,2539.75000000,2555.23000000,304.91107000,1652047199999,776995.41661290,1816,202.91206000,517079.16682090,0
1652047200000,2555.01000000,2557.48000000,2507.65000000,2539.54000000,597.03423000,1652050799999,1514085.85470040,3600,411.23795000,1042768.79374020,0
1652050800000,2539.54000000,2540.47000000,2509.13000000,2519.51000000,518.07609000,1652054399999,1307602.52624990,3146,347.62381000,877200.22697640,0
1652054400000,2519.35000000,2529.92000000,1913.55000000,2524.61000000,556.51646000,1652057999999,1403289.30254450,3516,377.58880000,952348.23209130,0
1652058000000,2524.39000000,2602.25000000,2503.43000000,2505.76000000,522.97373000,1652061599999,1316933.32298810,3156,371.65967000,935831.92088660,0
1652061600000,2505.24000000,2507.70000000,2424.74000000,2442.04000000,915.08551000,1652065199999,2251187.78834420,5448,681.24134000,1674902.44832820,0
1652065200000,2442.26000000,2651.44000000,1888.14000000,2457.54000000,807.66971000,1652068799999,1986100.11400500,5073,585.33135000,1439815.91196270,0
1652068800000,2457.57000000,2479.98000000,2400.00000000,2461.37000000,560.92079000,1652072399999,1384202.72992720,3332,405.31309000,1000138.35722320,0
1652072400000,2461.42000000,2468.67000000,1200.00000000,2444.18000000,621.37480000,1652075999999,1523467.23920800,3656,424.66552000,1041182.23948640,0
1652076000000,2443.85000000,3000.00000000,2424.45000000,2454.50000000,782.26958000,1652079599999,1910680.56480250,4572,604.24135000,1475824.53491220,0
1652079600000,2453.84000000,2466.79000000,2441.50000000,2447.84000000,635.98773000,1652083199999,1561415.19615840,3714,461.04503000,1131962.59556750,0
1652083200000,2447.84000000,2467.00000000,2430.73000000,2464.08000000,787.44390000,1652086799999,1924083.74049900,4576,598.83911000,1463298.72321200,0
1652086800000,2463.96000000,2468.35000000,1358.88000000,2445.63000000,740.63757000,1652090399999,1811708.01464070,4134,524.16799000,1281016.65957290,0
1652090400000,2445.53000000,2449.50000000,1320.99000000,2369.49000000,926.22154000,1652093999999,2233065.14819920,5346,691.90643000,1669676.67494590,0
1652094000000,2368.66000000,2408.88000000,2362.60000000,2405.76000000,1022.82876000,1652097599999,2438940.88004150,5794,803.31685000,1915538.47879790,0
1652097600000,2405.79000000,2419.11000000,2391.06000000,2393.63000000,841.78379000,1652101199999,2023811.07449830,4808,639.42902000,1537154.29309940,0
1652101200000,2393.70000000,2471.69000000,1609.34000000,2411.40000000,1034.93912000,1652104799999,2490236.38339380,6291,791.28850000,1904152.95053370,0
1652104800000,2411.14000000,2471.69000000,2273.95000000,2384.74000000,1080.15934000,1652108399999,2587869.81048460,6227,847.42940000,2030148.14032080,0
1652108400000,2384.27000000,2471.69000000,2348.15000000,2382.10000000,1032.10132000,1652111999999,2457891.72559510,5899,811.13446000,1931317.09490410,0
1652112000000,2381.87000000,2403.68000000,2321.50000000,2325.00000000,1039.44536000,1652115599999,2462243.77898120,5927,809.30910000,1916839.01861910,0
1652115600000,2325.03000000,2348.08000000,2252.70000000,2298.97000000,1220.65966000,1652119199999,2830170.34940800,6993,962.69556000,2231696.00888270,0
1652119200000,2299.37000000,2313.19000000,1737.61000000,2283.96000000,1250.12755000,1652122799999,2857710.64731220,7101,981.24041000,2243300.52222570,0
1652122800000,2283.96000000,2299.31000000,1613.68000000,2269.99000000,1248.84370000,1652126399999,2827638.11442460,7184,970.24905000,2197145.75522110,0
1652126400000,2269.99000000,2333.57000000,1724.84000000,2289.82000000,1216.62254000,1652129999999,2796131.02305980,7220,968.33894000,2226543.15693500,0
1652130000000,2289.82000000,2323.11000000,1658.45000000,2275.21000000,1062.73831000,1652133599999,2442234.69910090,7165,702.77912000,1618896.29735850,0
1652133600000,2275.21000000,2329.74000000,1633.01000000,2296.26000000,1065.66724000,1652137199999,2445804.31543620,6116,797.46376000,1830409.54109440,0
1652137200000,2293.36000000,2365.82000000,2211.82000000,2227.25000000,1104.40041000,1652140799999,2508382.58736650,6131,859.15460000,1951644.41011470,0
1652140800000,2226.80000000,2265.29000000,2027.93000000,2027.93000000,136.86101000,1652144399999,306132.39339130,846,106.07834000,237384.49149680,0
1652144400000,2169.99000000,2232.41000000,1748.72000000,1993.54000000,1.66875000,1652147999999,3491.52167910,62,1.08676000,2373.19142140,0
1652148000000,1993.54000000,1993.54000000,1993.54000000,1993.54000000,0.07524000,1652151599999,149.99394960,6,0.07524000,149.99394960,0
1652151600000,1594.83000000,2206.42000000,1594.83000000,2206.42000000,0.77165000,1652155199999,1594.91371680,28,0.72986000,1528.26577110,0
1652155200000,2206.42000000,2233.26000000,2206.42000000,2233.26000000,2.04204000,1652158799999,4543.83639370,22,2.04204000,4543.83639370,0
1652158800000,2233.26000000,2234.76000000,2233.26000000,2234.76000000,2.21078000,1652162399999,4938.43291660,16,2.21078000,4938.43291660,0
1652162400000,2234.76000000,2235.07000000,1787.81000000,2235.07000000,0.29045000,1652165999999,632.49332310,11,0.25316000,565.82588820,0
1652166000000,2235.07000000,2843.54000000,2235.07000000,2843.54000000,102.32480000,1652169599999,286427.60491240,158,98.76739000,276311.96728100,0
1652169600000,2843.54000000,2843.54000000,2843.54000000,2843.54000000,0.07032000,1652173199999,199.95773280,7,0.07032000,199.95773280,0
1652173200000,2843.54000000,2843.54000000,2274.83000000,2843.54000000,3.80699000,1652176799999,10805.99220460,28,3.77299000,10728.64798460,0
1652176800000,2843.54000000,2843.54000000,2843.54000000,2843.54000000,0.26064000,1652180399999,741.14026560,19,0.26064000,741.14026560,0
1652180400000,2843.54000000,2843.54000000,2843.54000000,2843.54000000,1.54285000,1652183999999,4387.15568900,48,1.54285000,4387.15568900,0
1652184000000,2843.54000000,2843.54000000,2274.83000000,2843.54000000,1.20918000,1652187599999,3421.68280710,18,1.17987000,3355.00753980,0
1652187600000,2294.73000000,2843.54000000,2294.73000000,2585.00000000,9.89492000,1652191199999,26247.78938860,56,5.21492000,14457.05138860,0
1652191200000,2585.00000000,2843.54000000,2294.73000000,2843.54000000,5.16173000,1652194799999,13311.94730860,47,2.45975000,6856.88954320,0
1652194800000,2843.54000000,2843.54000000,1156.90000000,1156.90000000,16.70399000,1652198399999,47459.19385850,54,16.66128000,47377.01613120,0
1652198400000,2116.31000000,2843.54000000,1122.96000000,2800.00000000,2.44693000,1652201999999,6637.14060610,33,2.30033000,6458.01916610,0
1652202000000,2800.00000000,2843.54000000,2424.22000000,2843.54000000,51.95353000,1652205599999,145623.74714320,27,51.94878000,145612.23209820,0
1652205600000,2843.54000000,2843.54000000,2274.83000000,2843.54000000,0.26384000,1652209199999,733.57070350,27,0.23453000,666.89543620,0
1652209200000,2843.54000000,2843.54000000,2843.54000000,2843.54000000,1.30035000,1652212799999,3697.59723900,11,1.30035000,3697.59723900,0
1652212800000,2843.54000000,2843.54000000,2843.54000000,2843.54000000,0.16855000,1652216399999,479.27866700,21,0.16855000,479.27866700,0
1652216400000,2843.54000000,2843.54000000,2274.83000000,2786.67000000,0.20274000,1652219999999,551.24076470,25,0.17343000,484.56549740,0
1652220000000,2786.67000000,2786.67000000,2000.00000000,2786.67000000,0.16950000,1652223599999,464.47386500,19,0.15950000,444.47386500,0
1652223600000,2786.67000000,2786.67000000,2786.67000000,2786.67000000,1.17862000,1652227199999,3284.42499540,13,1.17862000,3284.42499540,0
1652227200000,2786.67000000,2786.67000000,2229.34000000,2758.80000000,0.26266000,1652230799999,714.25389420,28,0.23275000,647.57433480,0
1652230800000,2758.80000000,3084.40000000,2758.80000000,3084.40000000,8.97262000,1652234399999,26237.66642060,15,8.97262000,26237.66642060,0
1652234400000,3084.40000000,4532.88000000,2349.65000000,4532.88000000,13.11345000,1652237999999,45612.24876030,43,13.00557000,45358.76851830,0
1652238000000,4532.88000000,4532.88000000,2340.00000000,2340.00000000,5.64255000,1652241599999,17690.57873120,29,5.16426000,16539.84005520,0
1652241600000,2340.00000000,2340.00000000,2340.00000000,2340.00000000,2.99248000,1652245199999,7002.40320000,20,2.99248000,7002.40320000,0
1652245200000,2340.00000000,2340.00000000,2340.00000000,2340.00000000,0.23242000,1652248799999,543.86280000,23,0.23242000,543.86280000,0
1652248800000,1872.00000000,2376.54000000,1872.00000000,2376.54000000,0.65392000,1652252399999,1526.86086300,13,0.61831000,1460.19894300,0
1652252400000,2376.54000000,2376.54000000,2376.54000000,2376.54000000,0.00000000,1652255999999,0.00000000,0,0.00000000,0.00000000,0
1652256000000,2347.74000000,2348.02000000,2343.57000000,2343.57000000,0.35586000,1652259599999,835.20701590,9,0.26572000,623.91587440,0
1652259600000,2343.08000000,2406.65000000,1850.00000000,2403.31000000,0.89998000,1652263199999,2031.89019760,42,0.41255000,974.86769690,0
1652263200000,2403.31000000,2423.35000000,2403.31000000,2423.35000000,0.06620000,1652266799999,159.62817800,8,0.06620000,159.62817800,0
1652266800000,2422.90000000,2422.90000000,2000.00000000,2418.63000000,0.07660000,1652270399999,181.25113100,8,0.06660000,161.25113100,0
1652270400000,1934.90000000,2418.63000000,1934.90000000,2418.63000000,0.08228000,1652273999999,182.34521520,8,0.04784000,115.70725920,0
1652274000000,2418.63000000,2418.63000000,2418.63000000,2418.63000000,0.00000000,1652277599999,0.00000000,0,0.00000000,0.00000000,0
1652277600000,2418.63000000,2418.63000000,2418.63000000,2418.63000000,0.00000000,1652281199999,0.00000000,0,0.00000000,0.00000000,0
1652281200000,2500.00000000,7739.60000000,1934.90000000,1934.90000000,0.14592000,1652284799999,538.76447600,8,0.02296000,177.70121600,0
1652284800000,1934.90000000,1934.90000000,1934.90000000,1934.90000000,0.00000000,1652288399999,0.00000000,0,0.00000000,0.00000000,0
1652288400000,1934.90000000,1934.90000000,1934.90000000,1934.90000000,0.00000000,1652291999999,0.00000000,0,0.00000000,0.00000000,0
1652292000000,1547.92000000,6191.68000000,1547.92000000,6191.68000000,0.08616000,1652295599999,333.42196800,6,0.02872000,177.82504960,0
1652295600000,2091.73000000,2169.49000000,2050.10000000,2169.49000000,0.10156000,1652299199999,218.07351340,6,0.08636000,186.51557820,0
1652299200000,2205.19000000,2550.00000000,2066.74000000,2092.14000000,0.92414000,1652302799999,2036.39462780,30,0.90904000,2004.79054630,0
1652302800000,2183.54000000,8240.07000000,1699.03000000,8240.07000000,0.36984000,1652306399999,1405.78925060,28,0.31752000,1250.22606380,0
1652306400000,2060.36000000,2060.36000000,2060.36000000,2060.36000000,0.01540000,1652309999999,31.72954400,1,0.00000000,0.00000000,0
1652310000000,2084.72000000,2084.72000000,2000.00000000,2000.00000000,0.12358000,1652313599999,256.78249760,9,0.00000000,0.00000000,0
1652313600000,1667.78000000,6671.12000000,1667.78000000,2000.00000000,0.12442000,1652317199999,422.22244400,9,0.02664000,177.71863680,0
1652317200000,2000.00000000,2200.00000000,2000.00000000,2200.00000000,5.59527000,1652320799999,11313.22192000,118,0.40013000,880.28600000,0
1652320800000,2200.00000000,2200.00000000,2200.00000000,2200.00000000,0.54614000,1652324399999,1201.50800000,10,0.54614000,1201.50800000,0
1652324400000,2200.00000000,2200.00000000,2024.18000000,2200.00000000,4.53563000,1652327999999,9784.39255400,35,3.25424000,7159.32800000,0
1652328000000,2200.00000000,2200.00000000,2024.18000000,2200.00000000,2.28986000,1652331599999,5009.59772220,12,2.13007000,4686.15400000,0
1652331600000,2200.00000000,2200.00000000,1881.66000000,2200.00000000,2.10343000,1652335199999,4625.27623580,11,2.09630000,4611.86000000,0
1652335200000,1760.00000000,2200.00000000,1760.00000000,2200.00000000,0.82844000,1652338799999,1805.89640000,16,0.79055000,1739.21000000,0
1652338800000,2200.00000000,2200.00000000,1878.82000000,2200.00000000,1.13286000,1652342399999,2482.96155080,13,1.10300000,2426.60000000,0
1652342400000,1950.17000000,1950.17000000,1950.17000000,1950.17000000,0.09711000,1652345999999,189.38100870,9,0.09711000,189.38100870,0
1652346000000,1950.17000000,1950.17000000,1560.14000000,1950.17000000,6.27005000,1652349599999,12211.00132690,33,6.22733000,12144.35214610,0
1652349600000,1950.17000000,1950.17000000,1932.33000000,1950.17000000,13.24235000,1652353199999,25823.61341070,27,13.17048000,25684.67498160,0
1652353200000,1950.17000000,1950.17000000,1950.17000000,1950.17000000,3.16849000,1652356799999,6179.09414330,31,3.16849000,6179.09414330,0
1652356800000,1950.17000000,1950.17000000,1560.14000000,1950.17000000,16.61787000,1652360399999,32391.00945630,42,16.57515000,32324.36027550,0
1652360400000,1950.17000000,1950.17000000,1950.17000000,1950.17000000,0.17288000,1652363999999,337.14538960,18,0.17288000,337.14538960,0
1652364000000,1950.17000000,1950.17000000,1950.17000000,1950.17000000,1.78610000,1652367599999,3483.19863700,12,1.78610000,3483.19863700,0
1652367600000,1950.17000000,1950.17000000,1529.08000000,1950.17000000,15.37812000,1652371199999,29966.60835870,75,15.23823000,29714.61292620,0
1652371200000,1950.17000000,1950.17000000,1779.86000000,1950.17000000,2.19438000,1652374799999,4270.84145490,51,2.11783000,4127.68539600,0
1652374800000,1950.17000000,1950.17000000,1779.86000000,1950.17000000,3.24848000,1652378399999,6322.29783330,56,3.16090000,6160.15814030,0
1652378400000,1950.17000000,1950.17000000,1560.14000000,1950.17000000,1.17750000,1652381999999,2279.51326220,21,1.09646000,2138.28339820,0
1652382000000,1950.17000000,1950.17000000,1552.89000000,1552.89000000,7.87003000,1652385599999,13838.44219180,98,4.48507000,8319.45203090,0
1652385600000,1552.89000000,1950.17000000,1388.49000000,1388.49000000,16.31689000,1652389199999,27008.46848060,109,7.81629000,14480.61829060,0
1652389200000,1388.49000000,1950.17000000,1349.80000000,1904.80000000,347.45758000,1652392799999,656996.51313190,1615,224.78274000,425106.65168390,0
1652392800000,1901.65000000,1929.13000000,1894.47000000,1924.50000000,849.72710000,1652396399999,1624573.13842720,4049,629.37298000,1203351.60535690,0
1652396400000,1924.69000000,1983.45000000,1924.50000000,1959.57000000,1261.22605000,1652399999999,2469172.31591840,5891,979.84673000,1917922.98265210,0
1652400000000,1959.62000000,2025.36000000,1940.37000000,2013.41000000,1375.59716000,1652403599999,2714038.79574980,6339,1109.94202000,2189896.71829210,0
1652403600000,2012.75000000,2045.80000000,1999.54000000,2018.68000000,1270.06731000,1652407199999,2561038.47173630,6169,981.07555000,1978252.78399240,0
1652407200000,2018.68000000,2076.51000000,2010.49000000,2067.10000000,1342.15473000,1652410799999,2745709.73710950,6625,1062.78215000,2174025.82762470,0
1652410800000,2065.36000000,2111.00000000,2058.37000000,2101.20000000,1287.87796000,1652414399999,2693002.98160900,6478,1003.50814000,2098428.55927770,0
1652414400000,2100.01000000,2100.55000000,2070.10000000,2089.44000000,1132.93073000,1652417999999,2361022.00332820,5667,857.39820000,1786758.69646710,0
1652418000000,2089.45000000,2154.14000000,1333.52000000,2105.91000000,1336.41247000,1652421599999,2817532.46546490,6648,1072.71065000,2260626.68075360,0
1652421600000,2105.93000000,2124.06000000,2089.57000000,2094.49000000,1138.46490000,1652425199999,2398449.04924450,5814,884.80259000,1863954.02574910,0
1652425200000,2094.30000000,2200.00000000,1333.52000000,2048.31000000,1161.44757000,1652428799999,2413345.88110910,5762,861.75382000,1790896.32168880,0
1652428800000,2047.97000000,2077.99000000,1328.14000000,2068.93000000,1104.55276000,1652432399999,2278442.24271570,5404,814.83355000,1681565.88718140,0
1652432400000,2068.88000000,2200.00000000,1292.68000000,2077.01000000,1048.09021000,1652435999999,2181071.10505640,5309,794.72853000,1653719.40038060,0
1652436000000,2076.60000000,2104.48000000,1962.66000000,2096.89000000,1157.37816000,1652439599999,2401906.21166520,5473,743.31130000,1542696.85081840,0
1652439600000,2096.50000000,2122.57000000,2077.00000000,2111.54000000,1072.84682000,1652443199999,2247080.48599900,5406,815.82755000,1708739.50317810,0
1652443200000,2111.54000000,2132.44000000,2097.57000000,2120.10000000,1140.59046000,1652446799999,2410189.60629440,5817,880.90333000,1861514.24950850,0
1652446800000,2119.63000000,2132.44000000,2080.71000000,2124.81000000,1281.65850000,1652450399999,2700457.74671660,6517,1000.17295000,2107213.56670080,0
1652450400000,2124.74000000,2146.89000000,2099.02000000,2131.13000000,1214.11001000,1652453999999,2589091.39519980,6151,927.28349000,1977457.80045140,0
1652454000000,2131.05000000,2131.57000000,2080.22000000,2092.95000000,690.57938000,1652457599999,1448912.06913220,3511,500.51251000,1049928.18848900,0
1652457600000,2093.18000000,2111.20000000,2054.37000000,2067.17000000,1221.17292000,1652461199999,2538836.63530010,6188,931.30649000,1936133.61042570,0
1652461200000,2067.64000000,2095.05000000,2051.80000000,2052.87000000,1173.85223000,1652464799999,2432881.64205890,5880,893.03018000,1850842.38420350,0
1652464800000,2052.87000000,2121.46000000,1856.18000000,2075.98000000,1302.86900000,1652468399999,2679754.72965890,6298,1018.63404000,2095084.20798720,0
1652468400000,2076.01000000,10000.01000000,2055.08000000,2065.22000000,1106.46983000,1652471999999,2293129.45567570,5504,824.47235000,1709867.88572800,0
1652472000000,2065.22000000,2073.55000000,2044.83000000,2045.85000000,938.40622000,1652475599999,1932992.66474570,4678,670.19513000,1380606.99292100,0
1652475600000,2045.92000000,2079.83000000,2041.29000000,2076.95000000,569.70824000,1652479199999,1171944.16107220,2762,444.51213000,914402.77514090,0
1652479200000,2077.00000000,2084.27000000,2056.28000000,2058.78000000,659.77589000,1652482799999,1365850.93816380,3311,451.30720000,934309.05545030,0
1652482800000,2058.68000000,2062.31000000,2002.02000000,2009.56000000,1005.65989000,1652486399999,2040255.40077020,4887,698.03553000,1415987.65190000,0
1652486400000,2009.70000000,2081.30000000,2001.98000000,2039.35000000,1003.62280000,1652489999999,2038393.54184820,4974,745.54498000,1513976.07582860,0
1652490000000,2038.96000000,2070.02000000,1100.00000000,2059.54000000,901.00397000,1652493599999,1850506.23440140,4438,669.24564000,1374451.18619450,0
1652493600000,2059.84000000,2064.98000000,2043.98000000,2046.89000000,776.77315000,1652497199999,1597616.60309240,3778,567.47858000,1167232.65035610,0
1652497200000,2046.90000000,2060.90000000,2040.42000000,2054.90000000,752.82728000,1652500799999,1542841.62178840,3751,567.89839000,1163919.03086650,0
1652500800000,2054.90000000,2054.90000000,2016.03000000,2024.90000000,771.74267000,1652504399999,1571109.05880380,3819,533.32319000,1085525.36257690,0
1652504400000,2022.93000000,2045.32000000,2014.87000000,2036.42000000,729.74507000,1652507999999,1482501.04879150,3612,531.24203000,1079158.83706290,0
1652508000000,2036.01000000,2048.15000000,2027.28000000,2042.35000000,657.97615000,1652511599999,1341945.28920530,3239,477.02613000,972949.57744300,0
1652511600000,2042.46000000,2047.35000000,1856.18000000,2031.80000000,615.32087000,1652515199999,1254675.68101800,2955,400.94826000,817736.67916010,0
1652515200000,2031.79000000,2050.10000000,2027.67000000,2042.12000000,673.52155000,1652518799999,1372063.90082290,3331,484.39795000,986811.12102320,0
1652518800000,2042.01000000,2053.80000000,2020.43000000,2028.20000000,641.17742000,1652522399999,1304133.13233920,3190,450.89954000,917024.74010370,0
1652522400000,2028.20000000,2033.25000000,2011.06000000,2013.43000000,746.44651000,1652525999999,1510193.44680920,3620,542.06303000,1096575.63011570,0
1652526000000,2013.43000000,2018.08000000,1971.79000000,1985.11000000,1106.67209000,1652529599999,2199061.44709830,5187,831.61727000,1652351.07023110,0
1652529600000,1985.35000000,2000.08000000,1973.92000000,1984.59000000,821.84135000,1652533199999,1632509.50609410,3907,616.64639000,1224835.49945220,0
1652533200000,1984.59000000,1991.50000000,1957.41000000,1963.20000000,1035.26392000,1652536799999,2039607.70879090,4901,808.59574000,1592949.49834580,0
1652536800000,1962.60000000,1972.78000000,1951.61000000,1972.44000000,895.28990000,1652540399999,1756412.77388880,4209,694.35333000,1362229.67767710,0
1652540400000,1972.92000000,1986.77000000,1961.10000000,1963.76000000,778.53803000,1652543999999,1535723.20676950,3694,580.04485000,1144214.83660860,0
1652544000000,1963.74000000,2027.29000000,1955.37000000,2007.57000000,1047.45076000,1652547599999,2083744.87012040,5012,825.47065000,1642061.85087050,0
1652547600000,2007.92000000,2018.64000000,2000.10000000,2017.26000000,851.81015000,1652551199999,1711909.22496680,4119,623.27523000,1252579.00062270,0
1652551200000,2017.61000000,2034.17000000,2011.69000000,2013.71000000,842.96894000,1652554799999,1704975.20088190,4158,650.99677000,1316752.44826590,0
1652554800000,2013.76000000,2018.50000000,1876.00000000,1996.06000000,634.68037000,1652558399999,1271332.56080420,3056,438.60749000,878541.40048900,0
1652558400000,1996.08000000,2018.35000000,1992.51000000,1998.43000000,700.19570000,1652561999999,1404848.56856040,3422,500.42402000,1003835.55341130,0
1652562000000,1998.34000000,2045.60000000,1993.38000000,2027.81000000,563.82861000,1652565599999,1137475.47499180,2783,417.93492000,843427.06274050,0
1652565600000,2027.76000000,2061.98000000,1876.00000000,2054.33000000,1173.55297000,1652569199999,2388356.57490790,4816,542.95625000,1106158.86293830,0
1652569200000,2054.95000000,2066.36000000,2041.87000000,2056.23000000,883.77345000,1652572799999,1815876.48916550,4390,643.05579000,1321388.77168780,0
1652572800000,2056.38000000,2078.68000000,2047.58000000,2053.03000000,762.81652000,1652576399999,1570851.02926410,3787,547.81856000,1128181.30742650,0
1652576400000,2053.03000000,2056.00000000,2019.55000000,2040.38000000,567.14005000,1652579999999,1157692.20208720,2751,399.02983000,814534.43552680,0
1652580000000,2040.23000000,2049.32000000,2022.13000000,2030.88000000,688.43797000,1652583599999,1399073.88466870,3363,478.18001000,971790.02830020,0
1652583600000,2030.88000000,2034.26000000,1994.83000000,2014.09000000,613.03640000,1652587199999,1235281.42580540,2933,430.89301000,868007.81606630,0
1652587200000,2014.20000000,2021.85000000,2002.88000000,2015.42000000,642.46557000,1652590799999,1294797.09318280,3093,467.47390000,942063.09160490,0
1652590800000,2015.30000000,2036.87000000,2006.03000000,2033.22000000,763.75811000,1652594399999,1544011.00847670,3707,573.85007000,1160074.16797510,0
1652594400000,2033.24000000,2039.64000000,1100.00000000,2036.44000000,672.26683000,1652597999999,1365581.00262390,3242,496.24500000,1008089.84249180,0
1652598000000,2036.35000000,2049.27000000,2033.45000000,2037.54000000,691.28567000,1652601599999,1411207.89501470,3366,503.42300000,1027688.69220880,0
1652601600000,2037.15000000,2040.21000000,2033.01000000,2033.65000000,63.27606000,1652605199999,128894.85765270,311,40.77351000,83065.05534050,0
