1652061600000,34053.17000000,34065.82000000,8645.12000000,33910.54000000,67.68893100,1652062499999,2297014.93798233,2470,38.34795000,1301215.11765301,0
1652062500000,33910.54000000,33913.69000000,33460.86000000,33564.32000000,64.06844700,1652063399999,2165672.42036835,2365,33.05790800,1116895.74359861,0
1652063400000,33564.34000000,33677.24000000,33359.96000000,33488.42000000,81.40770900,1652064299999,2730444.95487731,2715,52.73955900,1768805.16216445,0
1652064300000,33488.42000000,33561.90000000,33294.95000000,33506.70000000,80.81404600,1652065199999,2701459.26154228,2712,52.55987100,1756960.06941677,0
1652065200000,33501.46000000,33708.87000000,33404.19000000,33590.40000000,79.34071300,1652066099999,2660488.88281153,2672,50.98284000,1709616.23584976,0
1652066100000,33591.02000000,33816.81000000,33590.25000000,33695.43000000,77.48988900,1652066999999,2612607.73000955,2664,46.10606000,1554330.61236480,0
1652067000000,33697.59000000,33798.92000000,33644.03000000,33676.61000000,68.28348300,1652067899999,2303718.31375179,2388,41.61443800,1404024.69433987,0
1652067900000,33676.61000000,33682.12000000,33544.45000000,33563.15000000,67.01744400,1652068799999,2251585.22602592,2322,35.51238200,1193088.52897135,0
1652068800000,33563.15000000,33808.53000000,33520.57000000,33801.74000000,71.15421400,1652069699999,2392906.54661275,2449,45.78894000,1540469.58035796,0
1652069700000,33803.62000000,33837.28000000,33740.64000000,33792.20000000,65.43044200,1652070599999,2210588.45480213,2306,34.64989100,1170733.86170835,0
1652070600000,33792.20000000,33814.95000000,33700.00000000,33722.96000000,47.59119300,1652071499999,1606380.35574012,1754,22.08896400,745551.14597465,0
1652071500000,33722.96000000,33726.64000000,33636.32000000,33644.26000000,50.33603200,1652072399999,1694961.10190918,1816,26.85401000,904179.07610385,0
1652072400000,33648.90000000,33730.65000000,33603.69000000,33620.49000000,58.30509300,1652073299999,1963667.18683304,2112,32.29083000,1087376.95384978,0
1652073300000,33622.74000000,33668.40000000,33549.24000000,33605.00000000,57.07211100,1652074199999,1917801.80399088,2087,33.32338100,1119707.68088963,0
1652074200000,33605.00000000,33606.38000000,33502.62000000,33541.95000000,69.56965200,1652075099999,2334538.49354301,2347,35.55204300,1192980.58519423,0
1652075100000,33541.95000000,33569.12000000,33462.06000000,33515.66000000,65.71065300,1652075999999,2202844.65471831,2267,39.37054300,1319813.82661764,0
1652076000000,33515.48000000,33589.05000000,33370.70000000,33382.91000000,71.58028000,1652076899999,2396629.10994638,2519,43.44645000,1454524.68539327,0
1652076900000,33383.27000000,33453.79000000,33340.30000000,33418.75000000,71.04102300,1652077799999,2373406.85263351,2366,41.62902200,1390780.62285045,0
1652077800000,33418.15000000,33515.86000000,33405.65000000,33457.34000000,71.41223600,1652078699999,2390318.50203287,2394,42.62002400,1426512.21141328,0
1652078700000,33457.34000000,33585.58000000,33450.20000000,33574.28000000,66.76502300,1652079599999,2239835.32965614,2263,43.99008100,1475712.67450730,0
1652079600000,33571.74000000,33745.82000000,33559.94000000,33696.87000000,71.21002100,1652080499999,2398130.26926894,2425,45.29226900,1525199.50238241,0
1652080500000,33695.50000000,33699.30000000,33537.60000000,33547.96000000,62.56471600,1652081399999,2101319.63024764,2311,32.42347600,1088793.36650272,0
1652081400000,33547.98000000,33651.32000000,33523.92000000,33579.96000000,67.39020200,1652082299999,2263105.81150821,2327,37.63206400,1263754.74589232,0
1652082300000,33579.96000000,33670.53000000,33518.68000000,33523.27000000,66.55374300,1652083199999,2234481.78213324,2364,33.22209100,1115422.00359196,0
1652083200000,33523.27000000,33525.52000000,33469.98000000,33490.39000000,65.90486100,1652084099999,2207704.70872551,2327,34.11674300,1142885.07415124,0
1652084100000,33490.38000000,33495.33000000,33218.43000000,33332.31000000,73.18874600,1652084999999,2443079.73977179,2549,42.31753000,1412373.52459743,0
1652085000000,33333.22000000,33403.38000000,33150.00000000,33372.16000000,75.22651400,1652085899999,2505291.48199292,2531,50.61812700,1685550.64722132,0
1652085900000,33372.19000000,33751.82000000,10000.00000000,33682.67000000,80.51125300,1652086799999,2699973.38385190,2821,54.16793300,1817167.52084653,0
1652086800000,33670.01000000,33768.24000000,33603.00000000,33719.85000000,70.73628300,1652087699999,2380172.10200934,2610,42.79332200,1439958.86036370,0
1652087700000,33722.70000000,33722.73000000,33523.23000000,33539.97000000,67.84130100,1652088599999,2279932.84388529,2448,34.34012100,1153848.20941668,0
1652088600000,33539.97000000,33573.78000000,33423.03000000,33468.89000000,73.11731900,1652089499999,2447886.07533088,2530,41.31610800,1383187.24684056,0
1652089500000,33468.89000000,33555.66000000,10000.00000000,33493.85000000,70.48325400,1652090399999,2357508.33713389,2684,41.16005200,1377251.32325768,0
1652090400000,33493.85000000,33810.20000000,33350.01000000,33357.96000000,70.56056200,1652091299999,2360675.64796460,2533,40.07951900,1340935.99524556,0
1652091300000,33357.52000000,33405.39000000,10000.00000000,33258.48000000,87.84066300,1652092199999,2923062.54711741,2975,54.54989600,1817328.86012144,0
1652092200000,33255.59000000,33340.00000000,24889.86000000,33058.21000000,84.44048400,1652093099999,2797664.25373908,2891,52.45130600,1737650.44651408,0
1652093100000,33051.78000000,33834.85000000,32655.37000000,32819.83000000,91.31739100,1652093999999,3006865.93365994,3091,60.03509200,1976410.25797490,0
1652094000000,32816.24000000,34520.00000000,10000.00000000,32938.10000000,96.03224300,1652094899999,3160135.75272869,3169,64.75044100,2131762.31876831,0
1652094900000,32939.90000000,32996.17000000,32668.63000000,32801.87000000,82.94879700,1652095799999,2725873.16410297,2848,52.92230200,1738915.77023670,0
1652095800000,32801.87000000,32954.85000000,32762.70000000,32900.00000000,86.39492700,1652096699999,2839532.40275605,2813,58.01934900,1906845.65466690,0
1652096700000,32897.73000000,33152.37000000,32869.22000000,33118.88000000,87.19261000,1652097599999,2879114.45385394,2881,58.39925400,1928552.83703417,0
1652097600000,33121.17000000,33127.24000000,32880.01000000,32937.83000000,78.72271400,1652098499999,2597987.76115115,2766,46.27989900,1526947.74466131,0
1652098500000,32938.53000000,33069.74000000,32909.74000000,33040.56000000,82.07835600,1652099399999,2708128.45718535,2734,54.86603200,1810283.82551547,0
1652099400000,33040.56000000,33119.05000000,32951.52000000,33062.27000000,83.28307400,1652100299999,2750697.29620561,2774,47.61640500,1572668.49562719,0
1652100300000,33062.41000000,33076.56000000,32827.36000000,32853.15000000,74.74468200,1652101199999,2466071.59946318,2528,42.07799900,1388326.79544531,0
1652101200000,32855.46000000,32924.62000000,32809.70000000,32921.29000000,78.73705100,1652102099999,2587738.38015609,2626,52.40212100,1722252.63445296,0
1652102100000,32924.64000000,32939.35000000,24600.00000000,32744.45000000,80.11845400,1652102999999,2629978.46981653,2782,44.91397800,1474166.91682808,0
1652103000000,32742.48000000,33413.17000000,32741.32000000,33148.70000000,101.40288600,1652103899999,3354561.42582056,3693,68.83478600,2276338.41645861,0
1652103900000,33154.35000000,33154.35000000,32881.58000000,33020.33000000,95.11921200,1652104799999,3139228.64070531,3120,59.45309300,1961836.64267303,0
1652104800000,33020.33000000,33060.57000000,32698.39000000,32973.63000000,92.42385400,1652105699999,3044731.73867605,2933,59.16247400,1949028.92186533,0
1652105700000,32967.68000000,32987.89000000,32752.38000000,32774.21000000,86.55136100,1652106599999,2844698.54831174,2893,51.76198600,1701243.74784803,0
1652106600000,32774.21000000,32836.76000000,32445.03000000,32705.17000000,89.71698400,1652107499999,2934733.56827923,3051,58.89287800,1926318.73137815,0
1652107500000,32705.17000000,32749.01000000,32437.66000000,32455.61000000,89.57143700,1652108399999,2919403.58460745,2981,55.57459100,1811420.97951680,0
1652108400000,32455.06000000,32672.82000000,32403.24000000,32563.36000000,89.71862400,1652109299999,2920746.44629716,2860,57.98174600,1887284.75182839,0
1652109300000,32563.36000000,32591.06000000,32255.01000000,32283.24000000,85.48000500,1652110199999,2772145.57227516,2820,51.07203200,1656280.26876626,0
1652110200000,32284.78000000,32419.24000000,32072.48000000,32282.20000000,94.99867500,1652111099999,3063375.28994823,3023,61.21892900,1973904.30887700,0
1652111100000,32277.62000000,32426.09000000,32212.05000000,32351.78000000,89.14713900,1652111999999,2881580.07012119,2916,53.31931500,1723500.56507256,0
1652112000000,32339.36000000,32516.63000000,32188.13000000,32425.67000000,90.09888800,1652112899999,2914351.91822519,2875,58.83815900,1903005.65375551,0
1652112900000,32425.54000000,32560.62000000,32280.52000000,32297.88000000,85.08833000,1652113799999,2758001.67767792,2819,53.47214700,1733305.25704106,0
1652113800000,32297.88000000,32385.30000000,31830.01000000,31872.91000000,83.41430100,1652114699999,2682707.92576001,2762,52.56726300,1690726.15848069,0
1652114700000,31866.86000000,31968.04000000,31603.43000000,31696.01000000,88.86727800,1652115599999,2823719.21065566,2923,57.59255100,1829702.88955417,0
1652115600000,31696.01000000,31696.01000000,31000.00000000,31450.00000000,93.97959700,1652116499999,2954008.80460051,3419,63.39651400,1991837.52996952,0
1652116500000,31448.75000000,31862.05000000,31425.23000000,31711.61000000,93.02471600,1652117399999,2945372.51565078,3030,64.33496400,2036688.80817443,0
1652117400000,31713.81000000,31911.00000000,31605.47000000,31810.84000000,93.70035300,1652118299999,2974777.11439277,3003,61.85765100,1963914.22310910,0
1652118300000,31817.71000000,31821.05000000,31196.54000000,31263.34000000,89.73479800,1652119199999,2827623.68987679,2959,50.07305000,1576713.90505983,0
1652119200000,31264.30000000,31438.07000000,31052.16000000,31099.99000000,92.59417300,1652120099999,2893746.92588450,2956,55.51228500,1735160.19903078,0
1652120100000,31099.99000000,31410.23000000,6449.00000000,31005.37000000,96.57417500,1652120999999,3006315.36512326,3160,62.33101500,1940601.97618713,0
1652121000000,31005.37000000,31107.29000000,6392.00000000,30413.62000000,94.21910500,1652121899999,2894876.36036981,3098,58.25887300,1789828.21019880,0
1652121900000,30411.33000000,31066.17000000,30411.33000000,30774.78000000,101.28940200,1652122799999,3123904.24530818,3146,64.15636800,1977929.52371313,0
1652122800000,30774.78000000,30933.73000000,30616.27000000,30876.85000000,93.55825100,1652123699999,2877907.31572375,2999,64.07369900,1970955.10833742,0
1652123700000,30869.72000000,30979.59000000,30521.20000000,30565.40000000,97.33706200,1652124599999,2992604.30907533,3094,59.68430300,1835299.26811789,0
1652124600000,30567.18000000,30770.57000000,30429.60000000,30618.30000000,97.92564200,1652125499999,2996361.65983061,2960,63.16873600,1932860.53750107,0
1652125500000,30618.30000000,30981.09000000,30404.57000000,30960.64000000,93.34928300,1652126399999,2859202.39508575,2950,61.96797000,1898930.60421422,0
1652126400000,30940.64000000,31850.69000000,30940.62000000,31850.69000000,94.83170500,1652127299999,2973210.15123820,3005,72.10136400,2260663.57940541,0
1652127300000,31846.62000000,31861.53000000,31369.02000000,31369.88000000,89.00715000,1652128199999,2809618.21591734,2838,54.80120500,1729974.77516795,0
1652128200000,31369.85000000,31432.65000000,30738.92000000,30789.79000000,88.64792700,1652129099999,2758053.89283926,2882,53.44799000,1662793.88690415,0
1652129100000,30778.59000000,31339.07000000,30664.41000000,30948.49000000,93.38544400,1652129999999,2894209.80410272,3007,63.71664900,1974385.33696203,0
1652130000000,30948.49000000,31451.84000000,30905.58000000,31194.77000000,88.05587700,1652130899999,2738617.57029142,2919,61.38446100,1908708.87110000,0
1652130900000,31201.99000000,31354.27000000,31184.48000000,31293.66000000,77.83347100,1652131799999,2433198.80162520,2497,48.57143100,1518212.00573362,0
1652131800000,31294.61000000,31523.51000000,31240.68000000,31445.60000000,75.92535900,1652132699999,2379963.33066138,2493,47.22478600,1480327.91637621,0
1652132700000,31445.60000000,31505.12000000,30785.34000000,30800.53000000,79.22956900,1652133599999,2475682.05272392,2613,45.02084000,1405900.30702913,0
1652133600000,30802.75000000,31134.72000000,30676.74000000,30955.92000000,94.36664300,1652134499999,2919241.67187446,2937,60.96314100,1885510.44317334,0
1652134500000,30951.56000000,31107.13000000,30891.86000000,30922.33000000,89.27838600,1652135399999,2769786.80443643,2745,56.94614100,1766627.05274393,0
1652135400000,30922.32000000,31260.89000000,30915.12000000,31180.47000000,85.93343800,1652136299999,2676658.74695062,2692,60.50463300,1884232.99015871,0
1652136300000,31180.02000000,32809.61000000,10000.00000000,31093.55000000,103.07331800,1652137199999,3210634.62644319,3769,62.28290600,1943367.53708969,0
1652137200000,31093.15000000,33370.00000000,24600.00000000,30897.18000000,89.65763600,1652138099999,2790465.22175623,3298,54.06834900,1683960.10579139,0
1652138100000,30898.73000000,30933.23000000,30563.54000000,30601.46000000,91.43914000,1652138999999,2816239.50982318,2905,57.75098800,1778916.12590466,0
1652139000000,30601.46000000,30757.35000000,30158.63000000,30196.05000000,89.20484700,1652139899999,2727098.69920511,2837,54.65327900,1671035.77006951,0
1652139900000,30197.12000000,30433.25000000,30042.28000000,30092.43000000,94.01748000,1652140799999,2844582.48906275,2878,59.35179900,1795576.60773314,0
1652140800000,30089.10000000,30657.89000000,30000.00000000,30283.83000000,97.79015100,1652141699999,2950658.75678680,3151,62.82738000,1895453.65342105,0
1652141700000,30289.71000000,30292.32000000,29830.89000000,29890.01000000,95.60947100,1652142599999,2873778.70237486,2966,56.51846700,1699120.86190905,0
1652142600000,29890.01000000,30603.61000000,29747.61000000,30600.91000000,100.62401200,1652143499999,3030296.04394863,3027,73.26434800,2207395.04454623,0
1652143500000,30600.01000000,30959.61000000,30420.12000000,30770.01000000,93.44769300,1652144399999,2857641.98079073,2971,65.38458800,1999588.88711135,0
1652144400000,30774.09000000,31433.35000000,30664.54000000,30966.69000000,95.22035200,1652145299999,2957844.69663700,3171,62.73474600,1948422.48389695,0
1652145300000,30966.71000000,31210.56000000,30756.66000000,31156.58000000,93.16731900,1652146199999,2883433.14783635,2898,65.25199400,2019706.08021591,0
1652146200000,31165.32000000,31165.32000000,24600.00000000,30797.69000000,90.99294200,1652147099999,2807658.40693713,2922,57.57677100,1776117.41454353,0
1652147100000,30797.69000000,31053.78000000,30720.83000000,30888.80000000,96.26780700,1652147999999,2974692.80182045,2953,62.85576400,1942079.57641387,0
1652148000000,30888.81000000,30956.55000000,30793.95000000,30929.61000000,90.55750800,1652148899999,2794606.86843043,2827,58.58423600,1807902.48765231,0
1652148900000,30929.61000000,31378.29000000,30896.91000000,31324.21000000,89.07913200,1652149799999,2767816.59603513,2884,59.38494300,1845574.28757063,0
1652149800000,31324.21000000,31396.02000000,31094.13000000,31353.93000000,84.57598600,1652150699999,2640627.07358557,2764,56.14165100,1752793.43095406,0
1652150700000,31353.93000000,31358.16000000,31009.32000000,31029.94000000,83.98152900,1652151599999,2617812.41703363,2761,51.22527100,1596613.18998124,0
1652151600000,31036.47000000,31166.89000000,30922.70000000,30922.70000000,87.65832000,1652152499999,2720599.01420084,2791,52.36940900,1625654.16161970,0
1652152500000,30921.06000000,30990.48000000,30806.89000000,30838.91000000,90.59226200,1652153399999,2797804.00417340,2893,55.76045600,1722269.85327498,0
1652153400000,30836.40000000,30836.53000000,30661.26000000,30688.34000000,88.64485200,1652154299999,2725894.33930675,2834,52.63059300,1618242.54586608,0
1652154300000,30688.34000000,30781.62000000,30506.68000000,30642.07000000,89.13330500,1652155199999,2736334.66857046,2786,50.58012900,1552766.81485050,0
1652155200000,30642.08000000,30900.00000000,30602.80000000,30785.43000000,93.49939300,1652156099999,2876606.85842504,2925,57.79655300,1778028.80775925,0
1652156100000,30785.89000000,31050.25000000,30785.89000000,30965.61000000,87.22032200,1652156999999,2698829.16084797,2708,58.26838300,1802786.22951191,0
1652157000000,30965.62000000,31179.16000000,30945.28000000,31093.95000000,87.34382200,1652157899999,2713134.36303735,2727,60.44189100,1877531.54017720,0
1652157900000,31093.94000000,31340.86000000,31020.40000000,31215.35000000,86.57154300,1652158799999,2696279.02780811,2706,56.41763100,1757111.46805945,0
1652158800000,31215.35000000,31531.93000000,31207.25000000,31449.42000000,90.34482800,1652159699999,2837678.96282631,2876,63.96036900,2008577.02807124,0
1652159700000,31450.00000000,31462.39000000,31290.24000000,31375.01000000,83.17174800,1652160599999,2606925.00062847,2732,48.60198000,1523292.43609710,0
1652160600000,31375.01000000,31750.87000000,31354.94000000,31734.39000000,86.30855800,1652161499999,2723598.46812125,2749,59.36129200,1873490.92233203,0
1652161500000,31728.39000000,31965.78000000,31693.73000000,31830.64000000,90.19635900,1652162399999,2870229.23986361,3049,59.67862000,1899005.05827826,0
1652162400000,31829.27000000,32266.87000000,31819.23000000,32225.90000000,93.47829600,1652163299999,2986899.13119861,3189,64.53322000,2062066.14904123,0
1652163300000,32227.53000000,32519.18000000,32177.30000000,32450.21000000,91.60559700,1652164199999,2960626.16660700,3039,61.91744900,2001005.25866729,0
1652164200000,32450.21000000,32645.94000000,31000.00000000,32611.75000000,90.07961400,1652165099999,2927538.78183219,3277,59.49782800,1934248.24529263,0
1652165100000,32596.09000000,32616.69000000,32087.27000000,32089.72000000,86.76623800,1652165999999,2805409.74084618,3006,50.22618000,1623770.83947959,0
1652166000000,32095.39000000,32196.42000000,30000.00000000,31939.25000000,88.54545600,1652166899999,2837387.50609260,2879,56.81857900,1820789.88726834,0
1652166900000,31936.99000000,32038.05000000,31830.47000000,31952.08000000,92.18805700,1652167799999,2945427.51608038,3006,57.91084300,1850354.59763301,0
1652167800000,31952.10000000,31975.62000000,31833.25000000,31833.25000000,88.40285200,1652168699999,2818955.05268482,2964,52.63318200,1678522.45560237,0
1652168700000,31837.16000000,31858.68000000,31622.03000000,31622.03000000,87.63933800,1652169599999,2784832.44831746,3115,53.32960400,1694802.49157900,0
1652169600000,31622.03000000,31855.52000000,31563.94000000,31650.90000000,88.95872600,1652170499999,2817260.48926264,2941,54.78250900,1735036.86611912,0
1652170500000,31654.88000000,31901.16000000,31650.60000000,31901.16000000,86.60092600,1652171399999,2753788.33496800,2750,57.22225900,1819520.05293094,0
1652171400000,31904.00000000,34190.00000000,24600.00000000,31809.35000000,88.98359900,1652172299999,2834493.81088588,2908,52.54637100,1674882.92705232,0
1652172300000,31809.50000000,31848.35000000,31673.25000000,31750.55000000,89.92014900,1652173199999,2855740.53934651,2823,57.67196100,1831547.26536497,0
1652173200000,31749.82000000,32830.00000000,24600.00000000,31863.39000000,104.54406200,1652174099999,3323203.34658285,3255,67.65973200,2150990.61057262,0
1652174100000,31864.85000000,32820.00000000,10000.00000000,31473.05000000,89.15761300,1652174999999,2828097.27762849,2892,49.46235500,1568845.66544531,0
1652175000000,31473.04000000,31680.68000000,31348.67000000,31540.36000000,88.87424200,1652175899999,2800530.52747818,2841,57.55479900,1813550.83310336,0
1652175900000,31540.35000000,31594.24000000,31380.49000000,31401.81000000,84.75166800,1652176799999,2668449.28304953,2681,53.06870200,1670975.12491246,0
1652176800000,31400.24000000,31468.37000000,31318.89000000,31344.74000000,91.38620000,1652177699999,2868364.00122356,3143,54.44217100,1708910.88130997,0
1652177700000,31344.74000000,31550.04000000,31240.01000000,31508.44000000,88.33822200,1652178599999,2777835.42789305,2757,56.04534900,1761989.78189166,0
1652178600000,31504.98000000,31560.16000000,31331.52000000,31413.85000000,84.97374700,1652179499999,2670947.35817925,2704,53.59108900,1684425.95093244,0
1652179500000,31411.92000000,31499.45000000,31290.00000000,31308.08000000,81.03473900,1652180399999,2545543.46685042,2578,48.98875700,1538788.58864904,0
1652180400000,31308.08000000,31419.97000000,31257.01000000,31393.84000000,86.07348500,1652181299999,2697483.95707001,2683,54.80386200,1717556.48418268,0
1652181300000,31393.85000000,31627.01000000,24600.00000000,31562.75000000,87.19375800,1652182199999,2746386.99918208,2870,58.39898700,1839607.18736306,0
1652182200000,31562.00000000,31806.49000000,31519.57000000,31758.09000000,88.96602200,1652183099999,2814841.38583086,2794,59.62113400,1886619.78893443,0
1652183100000,31758.09000000,31774.99000000,31596.25000000,31622.84000000,87.29089600,1652183999999,2763276.97315110,2773,51.41318500,1627661.25874639,0
1652184000000,31622.25000000,31693.94000000,31520.01000000,31595.78000000,85.00165000,1652184899999,2685911.24614498,2745,55.66316200,1758750.67022552,0
1652184900000,31597.80000000,31800.51000000,31553.97000000,31768.20000000,89.09447600,1652185799999,2824401.70730829,2820,59.35158100,1881368.25095170,0
1652185800000,31766.59000000,32134.03000000,31729.49000000,32075.30000000,87.75201200,1652186699999,2798286.55017612,2753,61.38166700,1957664.07487689,0
1652186700000,32075.36000000,32265.21000000,31863.64000000,32152.36000000,85.25830800,1652187599999,2732859.82159408,2757,57.46170800,1841606.26720166,0
1652187600000,32152.38000000,32323.31000000,32110.28000000,32181.63000000,86.82129400,1652188499999,2796609.95926479,2820,56.11080800,1807366.67086012,0
1652188500000,32174.34000000,32195.66000000,31953.04000000,32141.26000000,81.12590500,1652189399999,2599775.46224822,2616,53.52324300,1715042.19224635,0
1652189400000,32142.60000000,32358.49000000,31643.73000000,31712.06000000,95.66750200,1652190299999,3053079.65191642,3073,60.46720100,1929790.73607652,0
1652190300000,31698.99000000,31849.77000000,11795.71000000,31801.90000000,96.96584900,1652191199999,3072782.54578921,3040,67.09229400,2126150.10285678,0
1652191200000,31801.90000000,32178.50000000,31697.93000000,31796.54000000,91.26116400,1652192099999,2911589.35111784,2960,61.29006700,1955541.01374156,0
1652192100000,31796.37000000,31865.37000000,24600.00000000,31625.85000000,97.28212700,1652192999999,3086317.90410683,3077,61.56932000,1953251.08317377,0
1652193000000,31625.84000000,33350.00000000,31249.34000000,31268.90000000,95.93683000,1652193899999,3020800.66581547,3057,61.24317700,1928697.32990228,0
1652193900000,31268.90000000,31290.38000000,19500.00000000,31079.93000000,95.35974500,1652194799999,2958872.57015116,3136,62.19832700,1931221.79343972,0
1652194800000,31079.57000000,32800.00000000,24600.00000000,30942.21000000,100.30650400,1652195699999,3111351.48267716,3206,63.81000700,1979355.68377837,0
1652195700000,30937.47000000,33540.00000000,30877.49000000,31138.11000000,101.89527300,1652196599999,3168658.59483944,3319,69.73162400,2168907.92202395,0
1652196600000,31136.52000000,31522.59000000,31119.24000000,31394.48000000,95.91482000,1652197499999,3003379.54072582,3115,65.60364000,2054470.13395228,0
1652197500000,31394.48000000,31416.41000000,31170.00000000,31313.39000000,93.93709500,1652198399999,2938773.02532938,3008,60.26547000,1885393.88640830,0
1652198400000,31303.03000000,31439.12000000,31069.45000000,31229.37000000,91.57472400,1652199299999,2866946.85097233,2906,58.52978700,1832147.87054527,0
1652199300000,31227.40000000,31383.75000000,31115.24000000,31157.87000000,95.25771400,1652200199999,2972126.13929695,2994,56.30230600,1756869.02077406,0
1652200200000,31157.88000000,31201.69000000,30966.29000000,31167.21000000,92.26858400,1652201099999,2869474.23794390,2918,61.91694900,1925558.08310645,0
1652201100000,31167.21000000,34490.00000000,24600.00000000,31216.77000000,93.31907000,1652201999999,2918743.31354946,3168,60.09013000,1879801.57771496,0
1652202000000,31217.91000000,31402.69000000,24600.00000000,31328.55000000,93.90816900,1652202899999,2941143.79607460,3079,60.97132800,1909667.63895240,0
1652202900000,31325.57000000,31479.54000000,25759.42000000,31475.56000000,94.89911200,1652203799999,2972698.11110442,3078,65.31453400,2046231.60946278,0
1652203800000,31477.54000000,32800.00000000,30000.00000000,31705.66000000,94.37149500,1652204699999,2988913.71306199,3125,61.25267800,1939884.44972016,0
1652204700000,31705.66000000,33360.00000000,29000.00000000,31680.25000000,91.97531800,1652205599999,2913322.65445474,2996,60.16599500,1906919.25158431,0
1652205600000,31680.25000000,32800.00000000,31508.45000000,31704.63000000,88.42155500,1652206499999,2793372.29195742,2832,55.50181500,1753509.71627910,0
1652206500000,31698.49000000,31698.72000000,31427.90000000,31627.23000000,85.00481000,1652207399999,2685900.69620130,2783,50.95538500,1609780.76116384,0
1652207400000,31627.24000000,32910.00000000,31559.49000000,31764.40000000,94.52462700,1652208299999,2992472.43413396,3071,62.94215700,1993012.85549501,0
1652208300000,31762.97000000,31762.97000000,31577.67000000,31620.94000000,81.09343700,1652209199999,2567099.80630497,2663,52.49971300,1661781.59858777,0
1652209200000,31620.37000000,31700.02000000,31394.68000000,31467.44000000,86.19955600,1652210099999,2722301.35776403,2745,53.67459300,1695219.81853284,0
1652210100000,31467.43000000,31543.67000000,31311.21000000,31364.71000000,88.91690000,1652210999999,2791105.01672885,2822,55.24438600,1734129.86855689,0
1652211000000,31364.71000000,33540.00000000,10000.00000000,31276.45000000,88.49234400,1652211899999,2771010.65376094,3107,52.36250300,1640324.71282115,0
1652211900000,31276.46000000,31435.32000000,31275.43000000,31330.17000000,90.16524400,1652212799999,2827106.55746576,2889,56.92772700,1784930.32738256,0
1652212800000,31330.17000000,31352.52000000,10000.00000000,31247.52000000,78.58780500,1652213699999,2454948.85733421,2569,45.50075900,1423399.99809223,0
1652213700000,31241.55000000,31254.45000000,31147.09000000,31217.94000000,74.79847300,1652214599999,2333658.79227245,2448,45.52305800,1420240.61016182,0
1652214600000,31217.94000000,31219.53000000,24600.00000000,31050.99000000,74.62492100,1652215499999,2319494.42123920,2495,38.41389300,1193741.64293469,0
1652215500000,31050.99000000,31140.41000000,30933.19000000,31008.79000000,76.19587700,1652216399999,2362298.13969315,2607,49.67577600,1539907.56021980,0
1652216400000,31008.79000000,33330.00000000,24600.00000000,30981.95000000,86.12593200,1652217299999,2671381.45568278,2992,52.58613500,1631548.19951379,0
1652217300000,30981.94000000,32840.00000000,24600.00000000,30815.44000000,72.79210900,1652218199999,2251501.88473336,2525,44.81189900,1385860.50819102,0
1652218200000,30819.47000000,32800.00000000,30411.63000000,30593.88000000,77.02787900,1652219099999,2360747.15701560,2559,45.45551000,1392359.27212278,0
1652219100000,30593.78000000,30659.98000000,30253.18000000,30253.18000000,78.50157300,1652219999999,2389622.51513298,2607,41.60116700,1266498.12156585,0
1652220000000,30253.18000000,32920.00000000,30164.93000000,30647.40000000,96.11178400,1652220899999,2936808.30389145,3178,65.88550700,2013454.77389122,0
1652220900000,30648.27000000,30842.43000000,24600.00000000,30540.00000000,88.22277900,1652221799999,2703696.09557121,2837,52.72612200,1615852.09887521,0
1652221800000,30538.70000000,30543.75000000,30376.47000000,30500.58000000,87.09582500,1652222699999,2651145.60453720,2682,55.68785800,1695060.38103410,0
1652222700000,30509.92000000,30943.50000000,30470.66000000,30763.49000000,91.24404000,1652223599999,2798802.23834940,3141,61.45452900,1884662.84326481,0
1652223600000,30771.43000000,31251.13000000,30696.40000000,31147.92000000,90.41716600,1652224499999,2806463.65573894,3075,61.51293500,1908848.20735024,0
1652224500000,31147.92000000,31246.08000000,30950.85000000,31053.62000000,86.96957000,1652225399999,2703611.47269013,2785,53.92971100,1676464.88660565,0
1652225400000,31053.61000000,31123.26000000,30843.67000000,30940.83000000,81.69586400,1652226299999,2531722.87531459,2681,48.54647900,1504564.84560644,0
1652226300000,30940.28000000,31041.96000000,30872.49000000,31017.10000000,80.86333100,1652227199999,2503932.53076369,2727,52.51310100,1626038.72275612,0
1652227200000,31016.84000000,31089.12000000,30810.80000000,30973.43000000,85.89551100,1652228099999,2658849.48798079,2795,57.25134400,1771923.17880676,0
1652228100000,30974.13000000,31329.68000000,30962.63000000,31223.52000000,85.47996500,1652228999999,2666286.64324644,2912,56.25384900,1754369.34068846,0
1652229000000,31228.06000000,31246.58000000,31076.44000000,31203.05000000,87.12961600,1652229899999,2714667.79552189,2750,52.97043200,1650345.47745567,0
1652229900000,31203.05000000,31221.29000000,30986.19000000,31043.79000000,81.91569500,1652230799999,2547223.67533279,2613,48.08567400,1495010.73217245,0
1652230800000,31043.79000000,31083.56000000,30926.71000000,30926.71000000,88.09795300,1652231699999,2731148.39321679,2785,53.31874900,1653179.68075754,0
1652231700000,30926.71000000,30982.82000000,30872.14000000,30922.08000000,83.39653400,1652232599999,2578448.16557381,2579,49.71565000,1537192.47505359,0
1652232600000,30922.08000000,31015.43000000,30802.24000000,30835.37000000,82.16959500,1652233499999,2540640.94122485,2603,49.88725500,1542537.44709079,0
1652233500000,30835.37000000,30855.78000000,30325.33000000,30772.15000000,92.24489600,1652234399999,2840817.94059148,2738,56.24787700,1732178.31754543,0
1652234400000,30765.52000000,30923.05000000,30634.21000000,30923.05000000,83.46328100,1652235299999,2566444.23275233,2539,58.03739800,1784757.70307450,0
1652235300000,30923.73000000,31513.86000000,30872.09000000,31422.03000000,88.05961100,1652236199999,2742994.98034511,2884,59.68572600,1859148.18784511,0
1652236200000,31408.53000000,31459.51000000,31287.38000000,31314.99000000,82.22304800,1652237099999,2578677.79388339,2615,50.26502300,1576588.59149144,0
1652237100000,31312.31000000,158649.00000000,6313.00000000,31473.37000000,104.69444400,1652237999999,3308431.59858108,3683,69.50747000,2204993.79963810,0
1652238000000,31473.39000000,31674.93000000,24600.00000000,31373.49000000,87.84741800,1652238899999,2769823.28564797,2978,55.22633800,1741601.70629352,0
1652238900000,31373.49000000,31451.11000000,31268.64000000,31336.23000000,83.43684000,1652239799999,2617931.99567326,2555,54.47577300,1709293.77106228,0
1652239800000,31336.23000000,31415.25000000,31215.70000000,31232.36000000,79.15943300,1652240699999,2479522.47035233,2442,45.95294200,1439629.19637506,0
1652240700000,31232.36000000,31298.48000000,31157.77000000,31207.12000000,78.80821700,1652241599999,2462042.48643218,2355,47.83889400,1494520.94587193,0
1652241600000,31207.12000000,31324.24000000,31167.88000000,31186.30000000,76.35442200,1652242499999,2385289.73069922,2360,46.48621000,1452168.10772746,0
1652242500000,31184.00000000,31390.74000000,31127.67000000,31346.95000000,80.64969300,1652243399999,2518538.28474679,2465,53.98010400,1685758.93172013,0
1652243400000,31348.47000000,31366.35000000,31167.31000000,31172.20000000,74.37859400,1652244299999,2328038.04551588,2445,43.63823800,1365831.49659727,0
1652244300000,31169.51000000,32800.00000000,24600.00000000,31215.67000000,86.40783900,1652245199999,2695105.06078971,3106,55.06430900,1717590.94930772,0
1652245200000,31215.68000000,31883.98000000,31079.29000000,31604.97000000,87.59993700,1652246099999,2740907.83102114,2905,51.17806900,1601319.90267184,0
1652246100000,31604.98000000,31780.08000000,24600.00000000,31631.23000000,88.47419700,1652246999999,2800672.90079377,2860,55.24944200,1749007.36947948,0
1652247000000,31631.23000000,31726.14000000,31471.53000000,31507.48000000,78.16360500,1652247899999,2467243.84458483,2583,50.89406200,1606406.97027989,0
1652247900000,31508.70000000,31520.67000000,31389.37000000,31437.11000000,87.67774400,1652248799999,2758347.62094771,2757,54.71172400,1721117.02319053,0
1652248800000,31438.77000000,31522.44000000,31392.58000000,31424.15000000,86.12798600,1652249699999,2707734.11743699,2679,52.82081000,1660719.89982539,0
1652249700000,31424.15000000,34450.00000000,31259.65000000,31321.97000000,89.87999400,1652250599999,2821813.45804255,2905,56.73649700,1782497.06486863,0
1652250600000,31321.75000000,31384.14000000,24600.00000000,30983.79000000,72.12284600,1652251499999,2253284.11290750,2496,42.57574500,1330120.73021149,0
1652251500000,30983.79000000,30987.23000000,20000.00000000,30485.16000000,85.39450500,1652252399999,2621637.40237980,2820,52.79052200,1620565.93922693,0
1652252400000,30485.16000000,30647.15000000,30155.73000000,30463.17000000,96.78741900,1652253299999,2945486.96019875,2977,67.53999000,2055508.86558718,0
1652253300000,30463.17000000,30802.33000000,30366.56000000,30607.71000000,98.44328400,1652254199999,3013298.38735169,3030,64.90977500,1986901.13694275,0
1652254200000,30607.64000000,30609.74000000,30205.67000000,30356.71000000,92.50829200,1652255099999,2810174.16936294,3012,57.56234300,1747941.09392875,0
1652255100000,30358.80000000,33330.00000000,30275.43000000,30529.11000000,101.13873400,1652255999999,3073316.83940108,3225,71.94549000,2186876.56696120,0
1652256000000,30529.11000000,30956.59000000,30380.43000000,30956.59000000,101.69061300,1652256899999,3112882.58469762,3296,69.07738000,2115233.92315098,0
1652256900000,30956.59000000,31070.45000000,30680.00000000,30722.06000000,100.67117900,1652257799999,3107967.30619083,3131,66.09330800,2040790.71280136,0
1652257800000,30721.83000000,30986.01000000,30636.36000000,30972.67000000,94.79812500,1652258699999,2918039.58796766,3018,65.78964600,2025344.43979262,0
1652258700000,30981.95000000,31402.16000000,30912.71000000,31383.98000000,95.58099100,1652259599999,2971071.64127591,3056,66.25188200,2060045.78200101,0
1652259600000,31351.02000000,31416.45000000,31129.91000000,31133.68000000,93.24540900,1652260499999,2912522.20157929,3002,59.17862200,1848388.90908887,0
1652260500000,31133.67000000,31481.08000000,31089.87000000,31447.48000000,92.17420900,1652261399999,2882122.27105301,2921,66.35599300,2075197.13203192,0
1652261400000,31447.48000000,31694.99000000,31359.72000000,31539.91000000,93.79362100,1652262299999,2956921.44317196,3386,62.10791700,1958123.48060609,0
1652262300000,31544.43000000,44600.00000000,31511.18000000,31740.84000000,96.33644300,1652263199999,3052885.89489181,3832,63.50198000,2011979.86950346,0
1652263200000,31740.84000000,32810.00000000,30000.00000000,32049.60000000,90.83219400,1652264099999,2886607.81686813,3017,61.12813500,1942782.77698642,0
1652264100000,32050.90000000,32104.80000000,31714.97000000,31714.97000000,89.17258500,1652264999999,2839090.09195070,2877,53.66684100,1708645.08537639,0
1652265000000,31714.97000000,31862.51000000,31390.88000000,31778.36000000,85.53014000,1652265899999,2717462.76681372,2696,58.96171900,1873333.88456803,0
1652265900000,31780.46000000,32790.00000000,31758.18000000,31844.81000000,87.88913300,1652266799999,2802431.62768553,2881,61.69507200,1967085.44692663,0
1652266800000,31843.87000000,34380.00000000,31491.00000000,31866.84000000,89.63554500,1652267699999,2845011.33808561,2942,62.35546000,1979797.79969050,0
1652267700000,31865.00000000,31865.00000000,30000.00000000,31621.39000000,87.70891000,1652268599999,2780739.86725822,2881,56.76546600,1799511.64105697,0
1652268600000,31621.39000000,31720.58000000,31562.94000000,31569.13000000,84.48807000,1652269499999,2673590.04344669,2765,54.43395700,1722614.18744998,0
1652269500000,31566.76000000,31618.58000000,31482.35000000,31507.57000000,86.68842800,1652270399999,2733602.39509506,2781,56.88894000,1793970.06959961,0
1652270400000,31507.57000000,31773.83000000,31465.32000000,31650.31000000,88.81782800,1652271299999,2807921.34143052,2943,58.65545000,1854698.70915540,0
1652271300000,31650.31000000,31747.74000000,31380.01000000,31612.61000000,86.00482400,1652272199999,2713510.59488627,2824,59.35669300,1872447.35510931,0
1652272200000,31599.71000000,31621.34000000,30020.40000000,30252.51000000,112.58676100,1652273099999,3447627.37554787,3846,57.54660200,1759318.78636498,0
1652273100000,30252.51000000,30270.88000000,29101.02000000,29317.17000000,105.79001400,1652273999999,3132212.48432702,3378,61.73557700,1826685.64392373,0
1652274000000,29326.98000000,29602.54000000,29184.81000000,29278.96000000,103.93761000,1652274899999,3057991.95629787,3144,62.87695200,1850241.09946799,0
1652274900000,29278.96000000,30065.24000000,29227.49000000,29861.40000000,101.17563100,1652275799999,3003247.24031919,3130,69.34645200,2057844.78574790,0
1652275800000,29864.99000000,30674.46000000,29497.61000000,30674.46000000,104.80853900,1652276699999,3125624.71395397,3285,66.97260800,1998057.69403838,0
1652276700000,30662.93000000,31564.13000000,30395.38000000,31186.80000000,103.89930100,1652277599999,3226225.93937657,3627,66.67923000,2069962.02979631,0
1652277600000,31186.80000000,31515.03000000,30761.97000000,30830.00000000,100.70357800,1652278499999,3139277.38871197,3309,61.10596800,1905704.32077409,0
1652278500000,30826.60000000,31336.61000000,30816.36000000,31192.41000000,98.33328400,1652279399999,3062117.06438975,3203,65.76410400,2047704.78117912,0
1652279400000,31192.41000000,31692.65000000,31168.70000000,31665.89000000,100.17803700,1652280299999,3149028.56815582,3106,67.66015900,2127069.85243675,0
1652280300000,31677.13000000,31943.51000000,31409.06000000,31754.00000000,89.52876100,1652281199999,2831340.44828567,2984,58.40554500,1847430.18120083,0
1652281200000,31735.54000000,31806.02000000,31301.89000000,31330.00000000,88.74033100,1652282099999,2796927.29471512,2889,50.92104400,1604609.77935582,0
1652282100000,31317.29000000,31437.64000000,31132.70000000,31320.23000000,94.98098600,1652282999999,2968829.50598496,3047,59.99810900,1875493.92414848,0
1652283000000,31320.23000000,31508.75000000,31051.11000000,31248.01000000,100.57785200,1652283899999,3147913.10360548,3240,59.53551000,1863719.64975092,0
1652283900000,31248.01000000,31278.10000000,30803.18000000,30969.12000000,95.29350500,1652284799999,2955826.62772116,3156,57.76454700,1791747.15525139,0
1652284800000,30970.00000000,31125.23000000,30522.32000000,30707.93000000,105.59798900,1652285699999,3258782.59258861,3391,56.79992500,1752635.92772014,0
1652285700000,30690.59000000,30924.54000000,30545.89000000,30620.65000000,94.38875400,1652286599999,2900284.63835475,3207,54.29180800,1668237.62587835,0
1652286600000,30619.95000000,30794.22000000,30517.79000000,30641.98000000,92.61194300,1652287499999,2840013.00933278,3097,55.83321500,1712123.60317993,0
1652287500000,30639.34000000,30662.83000000,30219.85000000,30337.69000000,91.89783300,1652288399999,2797350.27318497,2993,55.03849600,1675402.89913211,0
1652288400000,30337.69000000,30340.41000000,30064.05000000,30244.01000000,90.77503300,1652289299999,2745987.82513312,2886,52.62705500,1592030.62994927,0
1652289300000,30244.01000000,30367.28000000,29805.01000000,29957.97000000,91.01912600,1652290199999,2747903.68173664,2897,56.56382400,1708055.74770253,0
1652290200000,29957.97000000,30740.00000000,29551.55000000,29553.54000000,86.22781500,1652291099999,2571667.47944507,2758,50.20901500,1497870.09928196,0
1652291100000,29553.40000000,30830.00000000,15819.29000000,29918.86000000,101.10688500,1652291999999,3009244.24182928,3280,58.51715300,1746474.10446867,0
1652292000000,29918.86000000,30600.00000000,6021.00000000,29897.95000000,90.30493000,1652292899999,2689995.01733301,2952,54.51285000,1629633.65359578,0
1652292900000,29897.95000000,30232.47000000,29818.03000000,30176.50000000,91.68901600,1652293799999,2751362.79529735,2870,60.26100000,1808733.66521598,0
1652293800000,30176.50000000,30200.43000000,6002.00000000,30200.43000000,95.16092400,1652294699999,2863540.94446141,3109,60.71250500,1827325.95603625,0
1652294700000,30200.43000000,30240.05000000,29799.73000000,29911.76000000,91.36981400,1652295599999,2734183.95820952,2885,56.28902200,1684131.70166016,0
1652295600000,29910.18000000,30039.95000000,29768.94000000,29776.57000000,86.55601900,1652296499999,2587741.93313674,2802,50.02526300,1495631.16761096,0
1652296500000,29775.47000000,29958.10000000,29598.72000000,29753.61000000,93.61725400,1652297399999,2783200.51531217,2789,54.51357800,1620838.36621744,0
1652297400000,29753.73000000,29815.74000000,29291.88000000,29308.40000000,82.23312400,1652298299999,2426485.06548456,2561,39.64017900,1169956.52325708,0
1652298300000,29309.45000000,29596.59000000,29205.49000000,29367.01000000,85.49205800,1652299199999,2511311.69846759,2736,51.78056800,1521036.99515054,0
1652299200000,29368.91000000,29633.49000000,29111.97000000,29111.97000000,85.03804400,1652300099999,2493381.02051597,2762,47.57392700,1395162.04737635,0
1652300100000,29111.97000000,29486.81000000,29000.83000000,29218.84000000,87.77733300,1652300999999,2561907.51334515,2739,54.23372900,1582914.07106632,0
1652301000000,29190.15000000,29346.82000000,29096.87000000,29332.44000000,91.90223000,1652301899999,2685201.48466829,3002,58.64167800,1713545.41090782,0
1652301900000,29327.20000000,29344.60000000,28268.78000000,28457.16000000,86.92299800,1652302799999,2512495.30050306,3668,43.44420600,1254842.14487432,0
1652302800000,28457.16000000,28973.56000000,28320.00000000,28597.54000000,95.02506400,1652303699999,2721740.92269230,3273,51.32127200,1468954.23808426,0
1652303700000,28597.55000000,28913.36000000,5937.00000000,28191.82000000,82.39279900,1652304599999,2350636.36013129,2924,40.89488600,1167490.44548693,0
1652304600000,28191.82000000,28774.16000000,28152.35000000,28540.08000000,83.68693900,1652305499999,2383672.45176415,2913,48.01886200,1366973.62549908,0
1652305500000,28540.08000000,29299.13000000,28501.00000000,29100.04000000,101.05255600,1652306399999,2919037.88684851,3620,60.73331300,1753952.21351184,0
1652306400000,29109.78000000,29335.25000000,28876.08000000,29126.81000000,98.46741300,1652307299999,2862947.90116287,3173,62.96155200,1830502.64364562,0
1652307300000,29126.81000000,29158.23000000,28860.00000000,28890.22000000,100.73651000,1652308199999,2925771.07417609,3308,61.66187800,1791176.67649146,0
1652308200000,28890.22000000,28916.00000000,28540.40000000,28702.85000000,97.18347500,1652309099999,2788708.66604540,3081,60.12841900,1725315.43672612,0
1652309100000,28702.85000000,28997.77000000,28592.26000000,28862.84000000,104.85535800,1652309999999,3017008.38292560,3397,66.15397000,1903678.48308578,0
1652310000000,28862.93000000,29090.00000000,28783.06000000,28893.32000000,97.48919900,1652310899999,2821375.79152489,3079,62.49578800,1808658.87103498,0
1652310900000,28892.81000000,28937.80000000,28590.00000000,28730.51000000,96.38443700,1652311799999,2772737.66032400,3148,57.50826200,1654384.85586939,0
1652311800000,28722.27000000,28997.08000000,28637.68000000,28997.08000000,98.98800500,1652312699999,2852627.43952610,3016,67.24722900,1938279.90933686,0
1652312700000,28997.08000000,29098.29000000,28952.10000000,29098.29000000,93.46928300,1652313599999,2711501.25924039,3010,63.33828800,1837580.84704539,0
1652313600000,29098.29000000,29460.45000000,28978.67000000,29427.02000000,102.37586000,1652314499999,2985624.77742732,3232,65.52708800,1911389.94582273,0
1652314500000,29427.02000000,29917.22000000,29206.17000000,29749.92000000,133.64364800,1652315399999,3943987.17416038,4232,85.95519300,2537398.39826923,0
1652315400000,29749.92000000,30194.46000000,29650.00000000,30043.75000000,120.81309600,1652316299999,3609181.60714654,3829,82.15872500,2454704.00138648,0
1652316300000,30048.21000000,30187.44000000,29800.00000000,29826.32000000,156.80905500,1652317199999,4703310.76022905,4425,97.82156800,2934701.81689410,0
1652317200000,29822.26000000,30012.12000000,29680.00000000,29725.51000000,170.11498200,1652318099999,5081751.11088206,4772,101.73126500,3039262.34296806,0
1652318100000,29725.53000000,29809.32000000,29340.00000000,29508.08000000,153.72126700,1652318999999,4555832.57825938,4555,91.42635200,2709815.10561970,0
1652319000000,29512.90000000,29640.85000000,29441.69000000,29553.43000000,101.68918200,1652319899999,3003239.29297779,3168,64.10845200,1893413.93662361,0
1652319900000,29553.47000000,29730.00000000,29128.14000000,29215.99000000,102.30281900,1652320799999,3018119.62471530,3367,60.48712600,1784431.31935297,0
1652320800000,29215.99000000,29343.19000000,28947.48000000,29338.99000000,107.77799300,1652321699999,3146904.08948422,3432,71.44770800,2086333.55320337,0
1652321700000,29327.26000000,29460.93000000,29154.26000000,29154.26000000,105.13616500,1652322599999,3079344.09133572,3337,62.88081700,1841935.08090766,0
1652322600000,29150.00000000,29192.27000000,28737.01000000,28789.99000000,110.24348300,1652323499999,3198994.83889014,3460,68.79873300,1996789.38582704,0
1652323500000,28784.05000000,28920.84000000,28670.00000000,28813.46000000,104.51685200,1652324399999,3011894.86979141,3195,66.20126500,1907828.80713297,0
1652324400000,28813.46000000,28967.66000000,28520.00000000,28610.33000000,103.14373000,1652325299999,2966238.42794245,3183,65.50771400,1883655.50705428,0
1652325300000,28605.99000000,28784.32000000,28516.87000000,28527.11000000,104.01589300,1652326199999,2976457.41954369,3164,69.50909800,1989207.05273446,0
1652326200000,28527.10000000,28843.67000000,28491.29000000,28843.67000000,106.82642800,1652327099999,3066938.89393260,3451,75.87833100,2178649.42589523,0
1652327100000,28843.67000000,28966.21000000,28380.00000000,28413.13000000,105.70838400,1652327999999,3029095.29831563,3357,62.51088000,1791009.80690181,0
1652328000000,28413.12000000,28450.19000000,10000.00000000,27987.21000000,102.40061800,1652328899999,2894449.63952955,3047,62.65798900,1771069.71239868,0
1652328900000,27987.21000000,28249.99000000,27121.63000000,27901.86000000,115.99545000,1652329799999,3217128.26642913,3419,78.69643000,2182817.48891698,0
1652329800000,27884.38000000,28184.18000000,24600.00000000,27950.01000000,119.49766900,1652330699999,3335407.68915091,3682,77.99966300,2177228.24413114,0
1652330700000,27950.01000000,28000.22000000,27520.05000000,27800.55000000,110.53345400,1652331599999,3062989.11269412,3118,74.31628000,2059032.18755838,0
1652331600000,27784.35000000,27816.75000000,24600.00000000,26966.65000000,117.36039300,1652332499999,3215766.81238278,3280,71.13973300,1948990.10946771,0
1652332500000,26974.18000000,27600.30000000,26759.23000000,27196.32000000,116.77289800,1652333399999,3181952.21357777,3242,76.06734100,2073374.76853029,0
1652333400000,27192.94000000,27602.45000000,24600.00000000,27220.13000000,112.79840100,1652334299999,3083058.12553533,3139,77.39063400,2115201.88610790,0
1652334300000,27222.37000000,27374.92000000,26854.04000000,27131.32000000,115.61403700,1652335199999,3124703.87011534,3247,72.38194400,1956188.86835361,0
1652335200000,27080.40000000,27421.57000000,19000.00000000,27157.41000000,114.11693700,1652336099999,3103411.49772653,3504,77.57685700,2109588.27391334,0
1652336100000,27157.40000000,27560.01000000,19000.00000000,27502.57000000,112.66164400,1652336999999,3070545.62455101,3296,81.72508800,2227879.18559138,0
1652337000000,27502.60000000,27930.41000000,19000.00000000,27209.81000000,114.66628300,1652337899999,3148962.62044956,3430,71.87368400,1974105.11304536,0
1652337900000,27209.81000000,27407.28000000,27035.79000000,27103.21000000,105.92811100,1652338799999,2880189.84804845,3024,69.31580500,1884900.86099966,0
1652338800000,27103.44000000,27371.69000000,27055.81000000,27153.11000000,108.06057100,1652339699999,2935994.79679900,3031,67.50273800,1834236.66808645,0
1652339700000,27153.11000000,28470.00000000,19000.00000000,28277.74000000,124.34025200,1652340599999,3432758.63609696,4087,81.36134500,2250589.34319651,0
1652340600000,28290.00000000,28352.95000000,27552.26000000,28260.00000000,112.70947200,1652341499999,3153976.23080010,3615,70.83543700,1982279.72558557,0
1652341500000,28260.00000000,28601.04000000,27880.41000000,28144.64000000,112.15173600,1652342399999,3168701.73247432,3763,64.93815500,1834669.93502027,0
1652342400000,28145.64000000,28268.12000000,27917.59000000,28217.89000000,106.73854700,1652343299999,2998116.21883022,3175,69.59766800,1955325.13425062,0
1652343300000,28217.89000000,28298.45000000,27873.96000000,27908.03000000,105.76775600,1652344199999,2967615.82669257,3175,59.60568400,1672892.67559433,0
1652344200000,27908.05000000,27966.16000000,27501.11000000,27587.00000000,108.99411400,1652345099999,3021150.79145089,3215,67.64970700,1875079.97146395,0
1652345100000,27587.00000000,28272.34000000,27492.35000000,28115.36000000,107.90618200,1652345999999,3005658.13657809,3289,75.85328400,2112518.80199389,0
1652346000000,28115.35000000,28252.99000000,27906.64000000,27965.51000000,102.48565600,1652346899999,2876810.96323264,3152,64.17016500,1801266.02871341,0
1652346900000,27965.72000000,28492.94000000,27965.51000000,28303.15000000,104.71643600,1652347799999,2960132.06515057,3239,70.79693400,2000581.61700182,0
1652347800000,28303.15000000,28365.38000000,28108.42000000,28165.46000000,102.19487500,1652348699999,2887531.93424912,3170,62.87259600,1776532.85020601,0
1652348700000,28165.46000000,28266.08000000,27938.89000000,28054.91000000,104.29781200,1652349599999,2928066.40852221,3315,67.25610000,1888099.80211707,0
1652349600000,28054.91000000,28221.10000000,27775.57000000,27830.26000000,100.22026700,1652350499999,2810587.54466492,2991,62.46129900,1751752.70189518,0
1652350500000,27830.30000000,28400.00000000,27745.17000000,28341.32000000,105.66298700,1652351399999,2969708.34502941,3169,73.02516300,2052659.48654023,0
1652351400000,28343.88000000,28630.57000000,28245.37000000,28502.82000000,106.89825400,1652352299999,3034420.00971940,3389,67.48030700,1915742.56428129,0
1652352300000,28507.38000000,28908.50000000,28362.26000000,28623.61000000,110.60125400,1652353199999,3163618.08114458,3718,66.27892000,1895601.04916175,0
1652353200000,28622.31000000,28819.88000000,28512.03000000,28805.12000000,105.11122000,1652354099999,3013093.37143732,3439,69.27067900,1986008.55771583,0
1652354100000,28801.04000000,29287.68000000,28791.52000000,28980.00000000,98.33020400,1652354999999,2854191.29870679,3256,61.78844500,1793091.32582380,0
1652355000000,28982.74000000,29017.42000000,28478.28000000,28492.47000000,98.34147400,1652355899999,2822848.13403991,3151,57.65023900,1655014.85640477,0
1652355900000,28488.98000000,28703.42000000,19000.00000000,28484.05000000,104.72059200,1652356799999,2979283.55025220,3348,66.30312300,1886860.15019747,0
1652356800000,28484.05000000,28644.26000000,10000.00000000,28253.34000000,106.98084700,1652357699999,3019358.35822644,3318,67.57479200,1909104.63846161,0
1652357700000,28253.33000000,28357.05000000,24600.00000000,28044.79000000,104.00819400,1652358599999,2931686.62202784,3126,63.73606400,1796557.18061389,0
1652358600000,28044.79000000,28706.89000000,28043.20000000,28481.79000000,108.73049100,1652359499999,3087975.16067637,3536,71.52010700,2030182.88128280,0
1652359500000,28481.78000000,28659.36000000,28364.35000000,28499.69000000,103.46915500,1652360399999,2947611.40204733,3344,60.66783900,1728468.49094781,0
1652360400000,28499.69000000,28574.63000000,28324.02000000,28489.46000000,101.29850000,1652361299999,2881542.00421133,3273,62.48306800,1777415.16170914,0
1652361300000,28480.71000000,28754.29000000,28366.84000000,28653.62000000,105.75120900,1652362199999,3018540.09230153,3359,68.04815300,1942590.08894428,0
1652362200000,28662.36000000,28867.72000000,27929.65000000,28279.48000000,109.34530600,1652363099999,3089316.56526171,3458,65.53038000,1850717.87039688,0
1652363100000,28279.48000000,28558.91000000,28169.05000000,28204.77000000,120.47756200,1652363999999,3414871.77044098,3964,70.27473500,1991976.25841291,0
1652364000000,28205.85000000,28580.89000000,27972.98000000,28404.80000000,107.96593700,1652364899999,3049805.45240222,3346,68.59991100,1938061.51317970,0
1652364900000,28406.59000000,28960.00000000,28354.84000000,28730.06000000,104.15372900,1652365799999,2980084.32801362,3548,65.84227000,1884201.86075255,0
1652365800000,28730.06000000,29088.67000000,28679.51000000,28830.74000000,103.62833400,1652366699999,2988793.98303649,3569,68.61265700,1978825.43724975,0
1652366700000,28830.74000000,29630.00000000,28741.74000000,29565.24000000,101.36021300,1652367599999,2951769.46886584,3469,69.72339200,2030060.60178293,0
1652367600000,29569.85000000,29810.00000000,29444.95000000,29580.00000000,99.22954900,1652368499999,2938550.26821856,3521,60.35687900,1787493.93003987,0
1652368500000,29575.35000000,29649.77000000,29265.14000000,29272.78000000,97.55697700,1652369399999,2870239.28634229,3356,54.29810900,1597628.80127603,0
1652369400000,29277.29000000,29585.69000000,29190.00000000,29372.70000000,99.45018200,1652370299999,2925020.52548582,3425,63.57549200,1869941.78464694,0
1652370300000,29355.43000000,29408.75000000,29021.94000000,29024.58000000,94.96862200,1652371199999,2774796.48426235,3197,54.93411100,1605303.07053800,0
1652371200000,29024.58000000,29461.36000000,28790.00000000,29319.43000000,101.81265200,1652372099999,2972999.07012832,3474,69.72916400,2035840.14440843,0
1652372100000,29310.90000000,29762.93000000,29178.99000000,29604.24000000,98.65545300,1652372999999,2907003.76606853,3348,62.63306700,1845555.69621750,0
1652373000000,29604.24000000,29887.76000000,29323.41000000,29563.09000000,93.82684300,1652373899999,2781587.15205869,3358,58.88137700,1745171.42580029,0
1652373900000,29563.09000000,29922.70000000,29550.00000000,29695.58000000,95.58095800,1652374799999,2841551.74106099,3342,58.66230000,1743789.44472154,0
1652374800000,29700.00000000,29743.73000000,29292.19000000,29407.17000000,89.84003300,1652375699999,2652367.47016357,3123,51.13030900,1509113.79862898,0
1652375700000,29405.76000000,29505.02000000,29213.58000000,29380.15000000,97.69552800,1652376599999,2865531.21896209,3295,59.97153600,1759220.75832542,0
1652376600000,29378.66000000,29430.14000000,28966.00000000,29074.37000000,98.86109700,1652377499999,2885815.70182278,3344,60.77936000,1774131.66582447,0
1652377500000,29082.65000000,29360.00000000,18300.00000000,28646.68000000,128.35798500,1652378399999,3679971.68160148,4311,74.67695600,2148508.97773902,0
1652378400000,28641.33000000,28802.18000000,28582.26000000,28595.36000000,97.11455600,1652379299999,2785614.67557695,3219,59.63348100,1710687.60545435,0
1652379300000,28595.36000000,28730.82000000,28395.49000000,28569.23000000,97.26880900,1652380199999,2778635.99593790,3172,62.70454900,1791176.29120287,0
1652380200000,28569.23000000,28578.64000000,28257.00000000,28340.00000000,100.17890400,1652381099999,2843031.21029917,3274,58.99772800,1674010.17909460,0
1652381100000,28353.96000000,28790.00000000,28188.73000000,28353.47000000,99.53287100,1652381999999,2819469.70017791,3340,63.00342800,1785031.25627043,0
1652382000000,28353.07000000,28548.18000000,28301.49000000,28339.39000000,96.83406400,1652382899999,2751441.42589190,3211,60.68065600,1724164.11627883,0
1652382900000,28338.36000000,28871.70000000,28286.56000000,28560.37000000,101.90464300,1652383799999,2912262.25463178,3190,64.46604700,1841785.20361162,0
1652383800000,28564.54000000,28700.43000000,28441.18000000,28580.04000000,102.70204100,1652384699999,2934725.55828166,3127,64.10694600,1832039.31775937,0
1652384700000,28570.00000000,29160.00000000,28470.00000000,28651.65000000,104.03907900,1652385599999,2982213.55897082,3153,65.48140100,1877082.41517954,0
1652385600000,28650.00000000,28726.08000000,28516.30000000,28541.93000000,92.10067200,1652386499999,2635352.80619240,2881,55.50638800,1588393.33232154,0
1652386500000,28541.93000000,28857.69000000,28540.80000000,28856.66000000,93.91653100,1652387399999,2693052.30963998,2961,66.21249300,1898828.11147561,0
1652387400000,28842.76000000,28890.00000000,28694.60000000,28890.00000000,65.03481000,1652388299999,1872201.54100862,2183,42.11912900,1212680.39622059,0
1652388300000,28899.33000000,28932.75000000,28860.00000000,28932.75000000,0.99783100,1652389199999,28841.24345217,202,0.66752600,19298.88762011,0
1652389200000,28932.75000000,29050.00000000,28920.00000000,28990.00000000,0.71259500,1652390099999,20660.18004531,213,0.47273400,13705.20107163,0
1652390100000,29010.00000000,29200.00000000,28264.81000000,28274.00000000,26.87613200,1652390999999,762249.64224126,1169,11.39721700,322990.33871816,0
1652391000000,28274.01000000,28446.89000000,28014.99000000,28417.54000000,82.77086500,1652391899999,2331133.12076463,2662,51.33371900,1445696.00288203,0
1652391900000,28427.10000000,28600.89000000,28284.23000000,28445.19000000,87.17814600,1652392799999,2476284.06869833,2789,53.43962200,1517966.31808230,0
1652392800000,28440.12000000,28626.32000000,28413.00000000,28569.54000000,87.86532500,1652393699999,2503911.28336715,2755,58.43545300,1665214.40753960,0
1652393700000,28569.54000000,28627.82000000,28383.75000000,28445.73000000,89.35243600,1652394599999,2546352.21945411,2714,51.94306900,1480251.01874787,0
1652394600000,28445.73000000,28743.03000000,28356.90000000,28702.61000000,91.16485700,1652395499999,2600857.09649492,2838,61.84720300,1764802.97093770,0
1652395500000,28702.61000000,28831.96000000,28601.59000000,28822.18000000,84.73217500,1652396399999,2430476.76904181,2727,52.75982700,1513722.13030354,0
1652396400000,28824.10000000,29174.34000000,28820.00000000,29016.25000000,92.36571300,1652397299999,2678457.71467889,3003,61.47356500,1782307.28742530,0
1652397300000,29016.25000000,29154.14000000,28967.54000000,29000.00000000,91.47715200,1652398199999,2657339.68306182,2922,55.54091100,1613452.32293959,0
1652398200000,29000.00000000,29253.89000000,28550.00000000,29165.83000000,96.55674600,1652399099999,2810752.27922408,3061,61.37824000,1786871.72787882,0
1652399100000,29162.83000000,29290.21000000,28979.09000000,29025.46000000,87.99624300,1652399999999,2565260.49392286,2794,51.95620200,1514950.48465577,0
1652400000000,29022.22000000,29050.00000000,28850.00000000,28916.80000000,97.67729500,1652400899999,2829654.34269926,3032,62.95032700,1823720.12517864,0
1652400900000,28916.80000000,29001.20000000,28754.13000000,28998.95000000,97.50156500,1652401799999,2813990.73909211,2947,64.94118200,1874417.11358577,0
1652401800000,28990.00000000,29388.00000000,28989.97000000,29334.82000000,93.83175300,1652402699999,2740715.58376056,2961,65.98919400,1927285.39947721,0
1652402700000,29334.95000000,29590.00000000,29325.71000000,29547.65000000,97.65345000,1652403599999,2877592.18584234,3121,67.62034000,1992655.34451427,0
1652403600000,29545.55000000,29738.73000000,29465.83000000,29493.87000000,93.24612700,1652404499999,2760862.64877427,3003,61.24363000,1813442.23476373,0
1652404500000,29492.72000000,29592.20000000,29366.60000000,29451.45000000,95.64440900,1652405399999,2816387.53637197,2997,61.66413800,1815768.43675990,0
1652405400000,29451.19000000,29461.35000000,29266.41000000,29335.55000000,95.33202400,1652406299999,2798023.84681859,2935,58.53728300,1717955.83644783,0
1652406300000,29334.72000000,29616.04000000,29282.18000000,29507.20000000,91.35929300,1652407199999,2687491.75684600,2926,62.65916300,1843319.05820648,0
1652407200000,29507.20000000,29696.06000000,29420.01000000,29600.01000000,92.25567700,1652408099999,2724027.93964504,2946,62.63939900,1849841.09779281,0
1652408100000,29602.27000000,31709.22000000,29508.16000000,30018.88000000,97.04255000,1652408999999,2888991.70430301,3173,71.75685100,2136311.70096879,0
1652409000000,30015.01000000,30212.74000000,29828.92000000,30069.69000000,99.09065900,1652409899999,2970599.99380557,3231,68.03758000,2039794.25687815,0
1652409900000,30069.69000000,30178.78000000,29870.27000000,30147.52000000,92.15526100,1652410799999,2763788.29737206,2938,60.54538100,1816167.71483665,0
1652410800000,30147.54000000,31964.11000000,30029.00000000,30446.64000000,93.82974300,1652411699999,2850807.30840710,3058,64.79383800,1968514.73702031,0
1652411700000,30450.20000000,31368.02000000,30358.87000000,30541.07000000,93.72662100,1652412599999,2858102.35905739,3063,63.33633000,1931476.44350066,0
1652412600000,30528.95000000,30639.55000000,30412.87000000,30556.23000000,94.21040700,1652413499999,2873572.05550949,3057,61.37430500,1872121.94427401,0
1652413500000,30544.26000000,30774.36000000,29750.00000000,30575.84000000,91.79740900,1652414399999,2811040.13259993,3071,63.54895600,1946524.90321022,0
1652414400000,30578.58000000,30606.20000000,30375.01000000,30459.60000000,85.32414100,1652415299999,2599258.30541482,2772,56.07639000,1708363.30164362,0
1652415300000,30445.17000000,30520.26000000,30369.70000000,30495.95000000,89.88770200,1652416199999,2735733.60971941,2858,57.60084600,1753178.09674711,0
1652416200000,30495.95000000,30593.75000000,30267.01000000,30416.51000000,87.90645200,1652417099999,2671308.65491969,2835,57.77195700,1755388.86950494,0
1652417100000,30412.28000000,30545.06000000,30366.20000000,30471.26000000,85.45163900,1652417999999,2601057.79497805,2794,51.31157100,1561958.53423477,0
1652418000000,30470.68000000,30792.32000000,30428.42000000,30689.31000000,88.33737600,1652418899999,2700712.45785340,2940,59.91935800,1831962.13951415,0
1652418900000,30691.51000000,31001.78000000,30689.97000000,30812.67000000,92.61626800,1652419799999,2857579.71200430,3045,63.68431700,1964769.01532217,0
1652419800000,30812.67000000,30855.21000000,30685.27000000,30837.44000000,88.10745800,1652420699999,2709491.31640795,2837,61.74594700,1898902.58488777,0
1652420700000,30838.21000000,30962.79000000,30511.92000000,30519.93000000,89.91091300,1652421599999,2761851.27544954,2970,57.19274800,1757181.56020425,0
1652421600000,30519.93000000,30685.55000000,30464.90000000,30557.74000000,87.36787800,1652422499999,2671099.92838288,2866,58.29352400,1782079.56185457,0
1652422500000,30558.87000000,30596.78000000,30375.89000000,30415.87000000,87.90736900,1652423399999,2678208.12735757,2954,53.36978700,1625910.50874510,0
1652423400000,30426.42000000,30565.57000000,29950.00000000,30513.60000000,86.43637400,1652424299999,2635847.31270202,3011,53.38427700,1628016.27798918,0
1652424300000,30513.61000000,30538.70000000,30327.57000000,30386.87000000,79.57885400,1652425199999,2423700.26991784,2795,47.56670200,1448367.63639845,0
1652425200000,30385.96000000,30451.64000000,30223.76000000,30400.32000000,88.87511600,1652426099999,2696707.15173167,3019,52.05807500,1579463.28885498,0
1652426100000,30400.33000000,30480.20000000,30331.20000000,30422.45000000,88.78222900,1652426999999,2698885.83117105,2938,60.03605500,1825123.60694013,0
1652427000000,30422.45000000,30505.90000000,30307.39000000,30348.74000000,92.35230300,1652427899999,2807099.03571514,3014,57.00686300,1732881.51355807,0
1652427900000,30348.74000000,30362.79000000,29940.00000000,30171.14000000,91.43952400,1652428799999,2768744.61384372,2954,52.19314700,1580518.96010622,0
1652428800000,30171.14000000,30383.55000000,30171.06000000,30273.46000000,85.28356800,1652429699999,2580966.90655743,2753,54.58311000,1651721.17915171,0
1652429700000,30273.45000000,30340.81000000,30200.00000000,30279.04000000,85.61721300,1652430599999,2592055.00013816,2722,54.68121900,1655431.99025392,0
1652430600000,30279.04000000,30438.89000000,30186.50000000,30358.16000000,81.45131800,1652431499999,2466847.74482559,2614,50.47252900,1528719.52143496,0
1652431500000,30359.29000000,30458.01000000,30231.93000000,30335.92000000,85.97622800,1652432399999,2606770.04214943,2778,53.51526600,1622505.83583276,0
1652432400000,30335.39000000,30564.98000000,30335.38000000,30520.20000000,86.57836500,1652433299999,2633666.55543255,2789,61.99420300,1885921.97112635,0
1652433300000,30520.20000000,30759.00000000,30520.15000000,30550.84000000,84.08179700,1652434199999,2576184.02563044,2869,54.71200200,1676335.10917802,0
1652434200000,30550.84000000,30591.28000000,30439.76000000,30517.33000000,78.76753900,1652435099999,2404346.09631226,2671,45.17710900,1378932.88348177,0
1652435100000,30517.33000000,30571.53000000,30333.34000000,30442.83000000,81.88255400,1652435999999,2491109.19124921,2710,52.27101600,1590362.12898558,0
1652436000000,30444.30000000,30452.52000000,29800.00000000,30343.18000000,74.25727200,1652436899999,2253391.77833783,2550,44.11156500,1338462.99000088,0
1652436900000,30343.18000000,30357.41000000,29750.00000000,30196.57000000,79.38850400,1652437799999,2404647.98702128,2617,42.35890400,1283200.34301432,0
1652437800000,30196.57000000,30376.39000000,30180.00000000,30360.20000000,79.89117600,1652438699999,2419833.88565587,2584,55.15320500,1670541.56585516,0
1652438700000,30360.20000000,30552.23000000,30341.39000000,30475.72000000,83.12972500,1652439599999,2530974.28405934,2721,53.13518900,1617737.10902930,0
1652439600000,30475.71000000,30543.58000000,30383.54000000,30403.47000000,77.58756000,1652440499999,2364472.04442446,2701,44.51394100,1356585.39690287,0
1652440500000,30399.00000000,30439.02000000,30246.93000000,30423.46000000,80.95303300,1652441399999,2455997.37304157,2640,53.49988600,1623118.38471320,0
1652441400000,30423.46000000,30551.59000000,30343.89000000,30521.41000000,84.64272100,1652442299999,2578906.12894606,2813,52.55559900,1601273.94648836,0
1652442300000,30521.32000000,30759.89000000,30481.06000000,30652.82000000,85.38912100,1652443199999,2611683.31238463,2803,55.99435700,1712717.32490662,0
1652443200000,30652.82000000,30684.30000000,30453.26000000,30511.29000000,82.93698100,1652444099999,2533392.02893082,2723,44.95718600,1373182.51332158,0
1652444100000,30511.29000000,30702.46000000,30510.53000000,30670.70000000,84.31405000,1652444999999,2582117.32557515,2744,54.45152500,1667472.91290467,0
1652445000000,30671.73000000,30820.01000000,30542.00000000,30624.95000000,85.02957200,1652445899999,2609291.10694815,2819,54.01784500,1657453.58240825,0
1652445900000,30624.95000000,30765.61000000,30569.05000000,30732.63000000,85.27857400,1652446799999,2613710.34059958,2761,56.44413400,1730154.02508078,0
1652446800000,30732.64000000,30764.95000000,29689.98000000,30524.20000000,89.02081300,1652447699999,2725841.42356437,3043,52.99287300,1622896.89905915,0
1652447700000,30523.51000000,30603.86000000,30475.01000000,30551.22000000,88.82172400,1652448599999,2712931.71712805,2866,59.41198900,1814581.05240504,0
1652448600000,30544.04000000,30770.47000000,30352.99000000,30689.76000000,91.91805200,1652449499999,2809572.04892419,2947,66.45907100,2031307.35216180,0
1652449500000,30689.76000000,30900.14000000,30602.57000000,30753.70000000,94.81965700,1652450399999,2912266.54240140,3068,61.24802200,1881191.54814386,0
1652450400000,30753.70000000,30899.43000000,30698.46000000,30727.46000000,93.45366000,1652451299999,2879467.94887252,3036,61.99146300,1910054.95809331,0
1652451300000,30729.74000000,31000.00000000,29740.00000000,30880.01000000,91.91180400,1652452199999,2828691.76612544,3062,62.38959400,1920679.52349851,0
1652452200000,30879.65000000,31000.00000000,30808.77000000,30855.57000000,87.45073100,1652453099999,2703479.58470419,2852,57.86423900,1788995.82968676,0
1652453100000,30855.57000000,30856.77000000,30693.95000000,30697.67000000,83.91813000,1652453999999,2583032.65119164,2826,53.39551900,1643534.72229870,0
1652454000000,30693.95000000,30726.54000000,30615.78000000,30650.00000000,85.19960500,1652454899999,2612827.96508615,2818,54.75180700,1679183.49203601,0
1652454900000,30649.87000000,30650.45000000,30473.06000000,30544.24000000,89.63914500,1652455799999,2737768.84327569,2940,53.31767700,1628322.26617460,0
1652455800000,30544.24000000,30600.21000000,29740.00000000,30350.00000000,83.48762900,1652456699999,2541249.28096958,2890,50.66767900,1542643.83960954,0
1652456700000,30350.35000000,30430.80000000,30230.06000000,30333.45000000,88.27546100,1652457599999,2680426.35358345,2909,54.24420700,1647160.57663827,0
1652457600000,30337.30000000,30505.92000000,30269.52000000,30479.28000000,91.98036800,1652458499999,2797870.67353218,2983,61.04715200,1856888.27634270,0
1652458500000,30479.28000000,30481.36000000,30217.71000000,30244.96000000,81.12269700,1652459399999,2462053.05899891,2660,47.18763900,1431867.20370854,0
1652459400000,30245.82000000,30273.04000000,29741.45000000,29909.00000000,102.22831300,1652460299999,3066132.26937706,3284,59.36697900,1779988.88027418,0
1652460300000,29909.00000000,30014.95000000,29807.30000000,29936.37000000,100.74567600,1652461199999,3016384.12591940,3230,60.93128700,1824336.29336012,0
1652461200000,29936.37000000,30279.99000000,29925.48000000,30242.95000000,93.55631100,1652462099999,2808086.20371420,2996,61.29060900,1840070.53546821,0
1652462100000,30242.40000000,31000.00000000,29960.00000000,30025.16000000,89.27336800,1652462999999,2684113.97240679,3024,55.07544700,1655988.53903136,0
1652463000000,30030.76000000,30127.65000000,29690.00000000,29940.33000000,88.12547200,1652463899999,2647721.60395934,2969,55.49149700,1667337.80775576,0
1652463900000,29940.35000000,29941.90000000,29576.28000000,29620.70000000,93.41927200,1652464799999,2779580.98532883,3113,55.79042600,1659929.56143094,0
1652464800000,29620.70000000,29722.95000000,29385.44000000,29620.00000000,96.38017400,1652465699999,2849959.08297413,3116,61.18337900,1809024.48315212,0
1652465700000,29620.01000000,29677.03000000,29465.72000000,29550.01000000,90.52807400,1652466599999,2678862.77693522,3020,55.77689200,1650510.10176258,0
1652466600000,29520.00000000,29940.00000000,29520.00000000,29758.90000000,97.15102100,1652467499999,2888274.36878699,3223,66.22038500,1968489.55496381,0
1652467500000,29758.90000000,30239.06000000,29707.80000000,30126.45000000,92.00349300,1652468399999,2754891.51861104,3015,61.53602700,1842859.06715116,0
1652468400000,30126.45000000,30130.77000000,29984.44000000,30038.34000000,86.65853400,1652469299999,2603475.28649642,2789,51.14947200,1536668.29222529,0
1652469300000,30039.46000000,30216.64000000,29955.46000000,30154.45000000,87.28247100,1652470199999,2626918.95753831,2813,53.45016100,1608661.29352059,0
1652470200000,30156.14000000,30184.90000000,29981.83000000,30060.20000000,87.87158100,1652471099999,2643916.10653243,2904,57.02134400,1715558.73074890,0
1652471100000,30062.38000000,30104.29000000,29950.07000000,30078.93000000,91.51640500,1652471999999,2747829.59888773,2881,60.19069600,1807367.93875624,0
1652472000000,30084.10000000,30114.94000000,29740.00000000,29924.94000000,86.66584400,1652472899999,2597800.48037682,2845,53.59514900,1606183.80140774,0
1652472900000,29924.92000000,30073.99000000,29924.57000000,30040.71000000,76.52023500,1652473799999,2295052.10457347,2529,51.36840400,1540599.79872753,0
1652473800000,30040.71000000,30104.95000000,29944.38000000,29974.95000000,74.48041200,1652474699999,2237679.07639179,2383,42.34646400,1272294.64664839,0
1652474700000,29974.96000000,29975.20000000,29784.71000000,29796.79000000,79.71807900,1652475599999,2380096.19925773,2732,46.42475500,1386127.08421716,0
1652475600000,29796.79000000,29852.48000000,29718.07000000,29832.36000000,72.05556700,1652476499999,2147937.50683351,2344,44.16089900,1316380.02457029,0
1652476500000,29832.36000000,29904.75000000,29829.95000000,29889.89000000,55.67433900,1652477399999,1663009.96992766,1942,35.53942300,1061481.72128954,0
1652477400000,29887.41000000,30083.83000000,29886.67000000,30039.58000000,54.87326000,1652478299999,1645239.98941671,1843,36.56250500,1096101.03454975,0
1652478300000,30039.58000000,30090.89000000,30013.86000000,30046.66000000,50.44948700,1652479199999,1515565.75475520,1736,30.41832600,913829.03012461,0
1652479200000,30046.66000000,30135.75000000,29988.86000000,30103.54000000,58.37969400,1652480099999,1755162.28441341,2119,35.48129200,1066885.32236918,0
1652480100000,30103.54000000,30116.23000000,29877.73000000,29957.22000000,58.19731300,1652480999999,1744360.45383186,2154,32.38392300,970462.39772412,0
1652481000000,29949.21000000,30003.38000000,29849.01000000,29886.19000000,52.83709900,1652481899999,1582438.55883470,1950,26.60757100,796913.76198565,0
1652481900000,29886.20000000,29886.20000000,29804.76000000,29809.46000000,60.47608900,1652482799999,1804814.50068741,2071,30.71231300,916567.99007884,0
1652482800000,29809.47000000,29848.64000000,29403.76000000,29413.28000000,78.96447700,1652483699999,2339600.28949163,2691,39.92789800,1183097.11459665,0
1652483700000,29413.30000000,29537.39000000,29364.70000000,29485.06000000,79.88601900,1652484599999,2353631.22133761,2716,47.45568800,1398217.22886761,0
1652484600000,29485.07000000,29509.95000000,29210.98000000,29238.21000000,77.69838400,1652485499999,2280208.26267741,2587,40.04468300,1175045.34973109,0
1652485500000,29238.20000000,29336.65000000,29214.37000000,29288.26000000,77.24306500,1652486399999,2261327.10625975,2509,49.10812900,1437644.22034753,0
1652486400000,29288.99000000,29530.00000000,29224.33000000,29514.04000000,87.16638400,1652487299999,2559666.77144923,2793,59.83942500,1757403.94633354,0
1652487300000,29509.87000000,29611.46000000,29402.52000000,29469.66000000,86.29017600,1652488199999,2543988.03894462,2845,51.03411400,1504599.83436349,0
1652488200000,29469.61000000,29560.00000000,29393.08000000,29514.93000000,75.18652900,1652489099999,2216433.00576977,2566,42.99769000,1267614.61851300,0
1652489100000,29514.93000000,29551.29000000,29460.83000000,29507.47000000,70.87117600,1652489999999,2090664.11197418,2323,43.52810500,1284093.91865998,0
1652490000000,29507.47000000,29524.70000000,29368.60000000,29513.33000000,67.28471600,1652490899999,1982003.56501200,2253,37.81984800,1114081.78325638,0
1652490900000,29513.34000000,29750.00000000,29512.06000000,29628.69000000,88.57474400,1652491799999,2624729.25309647,2928,55.02671700,1630438.38825058,0
1652491800000,29628.69000000,29724.83000000,29628.58000000,29682.50000000,71.13810700,1652492699999,2111564.30047336,2368,44.53123700,1321760.83578921,0
1652492700000,29689.92000000,29812.46000000,29667.18000000,29706.36000000,71.91779700,1652493599999,2138860.64868992,2481,43.78715800,1302297.74084503,0
1652493600000,29706.36000000,29726.17000000,29645.98000000,29657.07000000,69.86553200,1652494499999,2074054.97025099,2312,38.97179700,1156944.80770618,0
1652494500000,29657.07000000,29749.50000000,29582.37000000,29700.00000000,72.42681500,1652495399999,2150302.31997738,2463,43.02077000,1277130.59942134,0
1652495400000,29694.66000000,29759.01000000,29648.35000000,29655.91000000,64.72992700,1652496299999,1922568.22924999,2265,34.36623000,1020776.66188557,0
1652496300000,29655.91000000,29655.93000000,29513.37000000,29524.57000000,71.28635200,1652497199999,2108714.93514016,2391,39.40888800,1165768.40748326,0
1652497200000,29524.57000000,29687.09000000,29505.84000000,29606.29000000,77.50638500,1652498099999,2292952.93600938,2540,50.49361400,1493667.00691741,0
1652498100000,29606.29000000,29649.47000000,29515.45000000,29546.23000000,67.17588600,1652498999999,1986698.65939716,2285,40.08986700,1185621.74255201,0
1652499000000,29546.23000000,29595.29000000,29471.40000000,29517.73000000,73.84214000,1652499899999,2180615.82544458,2407,42.39595000,1252021.00633643,0
1652499900000,29517.73000000,29593.06000000,29505.45000000,29575.67000000,65.08806700,1652500799999,1923386.73329368,2307,39.75790100,1174909.08642478,0
1652500800000,29575.67000000,29580.67000000,29503.36000000,29555.03000000,69.55585400,1652501699999,2054344.26793488,2335,38.00391300,1122457.55912649,0
1652501700000,29555.02000000,29590.00000000,29506.30000000,29514.00000000,60.05335700,1652502599999,1774521.88288274,2138,31.86487900,941609.29063183,0
1652502600000,29514.00000000,29514.20000000,29335.53000000,29368.99000000,78.68808600,1652503499999,2312186.08984934,2540,46.54612600,1367517.60094541,0
1652503500000,29367.95000000,29394.72000000,29228.51000000,29360.00000000,84.10164000,1652504399999,2464039.92443605,2732,51.19037000,1499827.05280762,0
1652504400000,29353.01000000,29418.28000000,29270.00000000,29402.34000000,82.43000300,1652505299999,2420090.29135419,3017,50.89128900,1494147.60166572,0
1652505300000,29402.34000000,29470.95000000,29380.31000000,29398.60000000,72.08965900,1652506199999,2120898.67896083,2414,41.98240600,1235191.32472991,0
1652506200000,29398.60000000,29510.45000000,29337.58000000,29459.28000000,66.34848200,1652507099999,1952486.04787159,2247,39.93206900,1175319.25437476,0
1652507100000,29459.28000000,29511.90000000,29439.30000000,29453.43000000,67.68603600,1652507999999,1994859.24733100,2296,40.15290700,1183363.00966138,0
1652508000000,29453.45000000,29455.70000000,29396.34000000,29400.91000000,64.40612700,1652508899999,1895053.88269128,2184,32.90714900,968261.02929895,0
1652508900000,29400.90000000,29530.41000000,29390.98000000,29498.75000000,56.69686000,1652509799999,1670710.45365886,1943,39.31136700,1158383.41403752,0
1652509800000,29498.75000000,29609.72000000,29470.00000000,29529.37000000,74.40471600,1652510699999,2198038.86284076,2483,40.60695400,1199635.10800373,0
1652510700000,29529.37000000,29559.69000000,29502.79000000,29510.67000000,29.09017200,1652511599999,858844.03576700,988,15.92351300,470150.84321688,0
